1511148045399,1,0,-0.7908881902694702,0.7787909507751465,-0.5219227075576782,-0.5938273668289185,1.233756422996521,0.05487280711531639,0.16865727305412292,1.8481978178024292,0.36751434206962585,0.2682662904262543,1.4855142831802368,-0.4539785385131836,-0.7631844878196716,0.1578734666109085,-1.9097504615783691,-2.003244400024414,-0.9149653315544128,-2.653167963027954,-2.1689741611480713,-0.6940167546272278,-2.036137819290161,-1.0949018001556396,0.4829775094985962,-0.8493801355361938,0.08977240324020386,1.3128299713134766,-0.3828893005847931,0.2918788194656372,1.054819107055664,-0.9233206510543823,-0.28700220584869385,0.3626978397369385,-1.469045639038086,-0.45301494002342224,0.4402974545955658,-0.9917670488357544,0.4868076741695404,1.5363179445266724,0.2675139307975769,1.8285608291625977,2.580643653869629,1.0216820240020752,2.250338554382324,2.4064857959747314,0.42566898465156555,1.3501611948013306,1.1143531799316406,-0.9320656657218933,0.12056385725736618,-0.03945173695683479,-1.7110251188278198,-0.2038164883852005,-0.09860876947641373,-1.3661725521087646,0.4393690526485443,0.5171682238578796,-0.7299277186393738,0.9357359409332275,0.5843501687049866,-0.948375940322876,0.39266347885131836,-0.3969168961048126,-2.0492782592773438,-0.7347126603126526,-1.5485674142837524,-2.8563477993011475,-1.139962077140808,-1.6217979192733765,-2.360954523086548,-0.20199091732501984,-0.4747484624385834,-0.9253432750701904,1.261877179145813,0.7347685098648071,0.1136540099978447,1.9241210222244263,0.8748961091041565,-0.02467481419444084,1.4606927633285522,0.11686946451663971,-0.7091896533966064,0.8620367646217346,-0.3424534499645233,-0.7207338809967041,1.1847114562988281,0.23021049797534943,0.23664097487926483,2.2400195598602295,1.1856337785720825,1.144324541091919,2.7882068157196045,1.2441380023956299,0.8697633147239685,2.012634515762329,0.028179898858070374,-0.4664298892021179,0.5214377641677856,-1.4482953548431396,-1.585712194442749,-0.31946590542793274,-1.9224859476089478,-1.5044875144958496,0.06104882434010506,-1.3099849224090576,-0.629351019859314,0.8342814445495605,-0.7329202890396118,-0.2057918906211853,0.820487916469574,-1.1281284093856812,-0.7876901626586914,-0.06639774143695831,-2.099968910217285,-1.5558018684387207,-0.7028953433036804,-2.3873026371002197,-1.2994985580444336,-0.10905387252569199,-1.3900554180145264,0.10656891018152237,1.341083288192749,0.06416697800159454,1.4927501678466797,2.2985687255859375,0.6340961456298828,1.711486577987671,1.9690924882888794,-0.014794892631471157
1511148045701,2,0,1.8285608291625977,2.580643653869629,1.0216820240020752,2.250338554382324,2.4064857959747314,0.42566898465156555,1.3501611948013306,1.1143531799316406,-0.9320656657218933,0.12056385725736618,-0.03945173695683479,-1.7110251188278198,-0.2038164883852005,-0.09860876947641373,-1.3661725521087646,0.4393690526485443,0.5171682238578796,-0.7299277186393738,0.9357359409332275,0.5843501687049866,-0.948375940322876,0.39266347885131836,-0.3969168961048126,-2.0492782592773438,-0.7347126603126526,-1.5485674142837524,-2.8563477993011475,-1.139962077140808,-1.6217979192733765,-2.360954523086548,-0.20199091732501984,-0.4747484624385834,-0.9253432750701904,1.261877179145813,0.7347685098648071,0.1136540099978447,1.9241210222244263,0.8748961091041565,-0.02467481419444084,1.4606927633285522,0.11686946451663971,-0.7091896533966064,0.8620367646217346,-0.3424534499645233,-0.7207338809967041,1.1847114562988281,0.23021049797534943,0.23664097487926483,2.2400195598602295,1.1856337785720825,1.144324541091919,2.7882068157196045,1.2441380023956299,0.8697633147239685,2.012634515762329,0.028179898858070374,-0.4664298892021179,0.5214377641677856,-1.4482953548431396,-1.585712194442749,-0.31946590542793274,-1.9224859476089478,-1.5044875144958496,0.06104882434010506,-1.3099849224090576,-0.629351019859314,0.8342814445495605,-0.7329202890396118,-0.2057918906211853,0.820487916469574,-1.1281284093856812,-0.7876901626586914,-0.06639774143695831,-2.099968910217285,-1.5558018684387207,-0.7028953433036804,-2.3873026371002197,-1.2994985580444336,-0.10905387252569199,-1.3900554180145264,0.10656891018152237,1.341083288192749,0.06416697800159454,1.4927501678466797,2.2985687255859375,0.6340961456298828,1.711486577987671,1.9690924882888794,-0.014794892631471157,0.9283217191696167,0.9877766966819763,-0.8778481483459473,0.3649081587791443,0.6115490794181824,-0.8504607081413269,0.8099880218505859,1.1984308958053589,-0.05797409266233444,1.6747726202011108,1.7861754894256592,0.30763474106788635,1.716779112815857,1.2704639434814453,-0.5523684620857239,0.5674093961715698,-0.22386197745800018,-2.029959201812744,-0.7615571618080139,-1.418748140335083,-2.759230852127075,-1.0066882371902466,-1.328412652015686,-2.1692864894866943,-0.08813036233186722,-0.36893340945243835,-1.1076033115386963,0.8430142402648926,0.1762235313653946,-0.80256187915802,0.793089747428894,-0.30752310156822205,-1.4037137031555176,0.09606112539768219,-1.0557925701141357,-1.8349612951278687,-0.02368111163377762,-0.8817811608314514,-1.1297876834869385
1511148046002,3,0,-0.02467481419444084,1.4606927633285522,0.11686946451663971,-0.7091896533966064,0.8620367646217346,-0.3424534499645233,-0.7207338809967041,1.1847114562988281,0.23021049797534943,0.23664097487926483,2.2400195598602295,1.1856337785720825,1.144324541091919,2.7882068157196045,1.2441380023956299,0.8697633147239685,2.012634515762329,0.028179898858070374,-0.4664298892021179,0.5214377641677856,-1.4482953548431396,-1.585712194442749,-0.31946590542793274,-1.9224859476089478,-1.5044875144958496,0.06104882434010506,-1.3099849224090576,-0.629351019859314,0.8342814445495605,-0.7329202890396118,-0.2057918906211853,0.820487916469574,-1.1281284093856812,-0.7876901626586914,-0.06639774143695831,-2.099968910217285,-1.5558018684387207,-0.7028953433036804,-2.3873026371002197,-1.2994985580444336,-0.10905387252569199,-1.3900554180145264,0.10656891018152237,1.341083288192749,0.06416697800159454,1.4927501678466797,2.2985687255859375,0.6340961456298828,1.711486577987671,1.9690924882888794,-0.014794892631471157,0.9283217191696167,0.9877766966819763,-0.8778481483459473,0.3649081587791443,0.6115490794181824,-0.8504607081413269,0.8099880218505859,1.1984308958053589,-0.05797409266233444,1.6747726202011108,1.7861754894256592,0.30763474106788635,1.716779112815857,1.2704639434814453,-0.5523684620857239,0.5674093961715698,-0.22386197745800018,-2.029959201812744,-0.7615571618080139,-1.418748140335083,-2.759230852127075,-1.0066882371902466,-1.328412652015686,-2.1692864894866943,-0.08813036233186722,-0.36893340945243835,-1.1076033115386963,0.8430142402648926,0.1762235313653946,-0.80256187915802,0.793089747428894,-0.30752310156822205,-1.4037137031555176,0.09606112539768219,-1.0557925701141357,-1.8349612951278687,-0.02368111163377762,-0.8817811608314514,-1.1297876834869385,1.0308302640914917,0.34612974524497986,0.348484605550766,2.445855140686035,1.4739736318588257,1.2644314765930176,2.8922250270843506,1.3659350872039795,0.8339619636535645,2.0475425720214844,0.20443175733089447,-0.28633370995521545,0.9459307193756104,-0.7500485777854919,-0.7936865091323853,0.7454288005828857,-0.6497030258178711,-0.2706557810306549,1.3788450956344604,-0.02991640754044056,0.36384278535842896,1.6870226860046387,-0.11231449991464615,0.012147604487836361,0.8667400479316711,-1.2793983221054077,-1.223504900932312,-0.5001853704452515,-2.546781301498413,-2.093160390853882,-1.072934865951538,-2.6731531620025635,-1.6323589086532593,-0.3001590073108673,-1.5990207195281982,-0.2819780707359314,0.9419008493423462,-0.5103558897972107
1511148046303,3,1,-1.2994985580444336,-0.10905387252569199,-1.3900554180145264,0.10656891018152237,1.341083288192749,0.06416697800159454,1.4927501678466797,2.2985687255859375,0.6340961456298828,1.711486577987671,1.9690924882888794,-0.014794892631471157,0.9283217191696167,0.9877766966819763,-0.8778481483459473,0.3649081587791443,0.6115490794181824,-0.8504607081413269,0.8099880218505859,1.1984308958053589,-0.05797409266233444,1.6747726202011108,1.7861754894256592,0.30763474106788635,1.716779112815857,1.2704639434814453,-0.5523684620857239,0.5674093961715698,-0.22386197745800018,-2.029959201812744,-0.7615571618080139,-1.418748140335083,-2.759230852127075,-1.0066882371902466,-1.328412652015686,-2.1692864894866943,-0.08813036233186722,-0.36893340945243835,-1.1076033115386963,0.8430142402648926,0.1762235313653946,-0.80256187915802,0.793089747428894,-0.30752310156822205,-1.4037137031555176,0.09606112539768219,-1.0557925701141357,-1.8349612951278687,-0.02368111163377762,-0.8817811608314514,-1.1297876834869385,1.0308302640914917,0.34612974524497986,0.348484605550766,2.445855140686035,1.4739736318588257,1.2644314765930176,2.8922250270843506,1.3659350872039795,0.8339619636535645,2.0475425720214844,0.20443175733089447,-0.28633370995521545,0.9459307193756104,-0.7500485777854919,-0.7936865091323853,0.7454288005828857,-0.6497030258178711,-0.2706557810306549,1.3788450956344604,-0.02991640754044056,0.36384278535842896,1.6870226860046387,-0.11231449991464615,0.012147604487836361,0.8667400479316711,-1.2793983221054077,-1.223504900932312,-0.5001853704452515,-2.546781301498413,-2.093160390853882,-1.072934865951538,-2.6731531620025635,-1.6323589086532593,-0.3001590073108673,-1.5990207195281982,-0.2819780707359314,0.9419008493423462,-0.5103558897972107,0.6317365765571594,1.3771929740905762,-0.4526826739311218,0.4394943416118622,0.8042423725128174,-1.138853907585144,-0.13385306298732758,0.271980881690979,-1.3588379621505737,0.09658744931221008,0.7592151761054993,-0.4923541247844696,1.2933837175369263,1.9404531717300415,0.6868084073066711,2.341157913208008,2.517632007598877,0.8826737999916077,2.1324374675750732,1.7331475019454956,-0.20284797251224518,0.8733909130096436,0.27092045545578003,-1.505056381225586,-0.14091147482395172,-0.525646984577179,-1.8223445415496826,-0.01819164864718914,-0.19454394280910492,-1.1825942993164062,0.7371657490730286,0.36707180738449097,-0.7366819381713867,0.8977355360984802,0.04368916526436806,-1.3185607194900513,0.04036538675427437,-1.1082344055175781,-2.396214008331299
1511148046603,1,1,-1.1076033115386963,0.8430142402648926,0.1762235313653946,-0.80256187915802,0.793089747428894,-0.30752310156822205,-1.4037137031555176,0.09606112539768219,-1.0557925701141357,-1.8349612951278687,-0.02368111163377762,-0.8817811608314514,-1.1297876834869385,1.0308302640914917,0.34612974524497986,0.348484605550766,2.445855140686035,1.4739736318588257,1.2644314765930176,2.8922250270843506,1.3659350872039795,0.8339619636535645,2.0475425720214844,0.20443175733089447,-0.28633370995521545,0.9459307193756104,-0.7500485777854919,-0.7936865091323853,0.7454288005828857,-0.6497030258178711,-0.2706557810306549,1.3788450956344604,-0.02991640754044056,0.36384278535842896,1.6870226860046387,-0.11231449991464615,0.012147604487836361,0.8667400479316711,-1.2793983221054077,-1.223504900932312,-0.5001853704452515,-2.546781301498413,-2.093160390853882,-1.072934865951538,-2.6731531620025635,-1.6323589086532593,-0.3001590073108673,-1.5990207195281982,-0.2819780707359314,0.9419008493423462,-0.5103558897972107,0.6317365765571594,1.3771929740905762,-0.4526826739311218,0.4394943416118622,0.8042423725128174,-1.138853907585144,-0.13385306298732758,0.271980881690979,-1.3588379621505737,0.09658744931221008,0.7592151761054993,-0.4923541247844696,1.2933837175369263,1.9404531717300415,0.6868084073066711,2.341157913208008,2.517632007598877,0.8826737999916077,2.1324374675750732,1.7331475019454956,-0.20284797251224518,0.8733909130096436,0.27092045545578003,-1.505056381225586,-0.14091147482395172,-0.525646984577179,-1.8223445415496826,-0.01819164864718914,-0.19454394280910492,-1.1825942993164062,0.7371657490730286,0.36707180738449097,-0.7366819381713867,0.8977355360984802,0.04368916526436806,-1.3185607194900513,0.04036538675427437,-1.1082344055175781,-2.396214008331299,-0.9004085659980774,-1.884361982345581,-2.6706578731536865,-0.7195978164672852,-1.3498095273971558,-1.6168268918991089,0.6185862421989441,0.03268074244260788,-0.1352488100528717,1.901254415512085,0.9078543186187744,0.46494847536087036,2.0484533309936523,0.5738639235496521,-0.047903452068567276,1.3240221738815308,-0.2571963667869568,-0.6271629333496094,0.9490651488304138,-0.37520167231559753,-0.25797733664512634,1.5902793407440186,0.4366719424724579,0.7905296087265015,2.530636787414551,1.117325782775879,1.2674702405929565,2.514699935913086,0.5929508805274963,0.44059422612190247,1.2649471759796143,-0.9125312566757202,-0.9911203384399414,-0.13760043680667877,-2.085455894470215,-1.6649746894836426,-0.469799667596817,-2.0117292404174805
1511148046903,2,1,-1.223504900932312,-0.5001853704452515,-2.546781301498413,-2.093160390853882,-1.072934865951538,-2.6731531620025635,-1.6323589086532593,-0.3001590073108673,-1.5990207195281982,-0.2819780707359314,0.9419008493423462,-0.5103558897972107,0.6317365765571594,1.3771929740905762,-0.4526826739311218,0.4394943416118622,0.8042423725128174,-1.138853907585144,-0.13385306298732758,0.271980881690979,-1.3588379621505737,0.09658744931221008,0.7592151761054993,-0.4923541247844696,1.2933837175369263,1.9404531717300415,0.6868084073066711,2.341157913208008,2.517632007598877,0.8826737999916077,2.1324374675750732,1.7331475019454956,-0.20284797251224518,0.8733909130096436,0.27092045545578003,-1.505056381225586,-0.14091147482395172,-0.525646984577179,-1.8223445415496826,-0.01819164864718914,-0.19454394280910492,-1.1825942993164062,0.7371657490730286,0.36707180738449097,-0.7366819381713867,0.8977355360984802,0.04368916526436806,-1.3185607194900513,0.04036538675427437,-1.1082344055175781,-2.396214008331299,-0.9004085659980774,-1.884361982345581,-2.6706578731536865,-0.7195978164672852,-1.3498095273971558,-1.6168268918991089,0.6185862421989441,0.03268074244260788,-0.1352488100528717,1.901254415512085,0.9078543186187744,0.46494847536087036,2.0484533309936523,0.5738639235496521,-0.047903452068567276,1.3240221738815308,-0.2571963667869568,-0.6271629333496094,0.9490651488304138,-0.37520167231559753,-0.25797733664512634,1.5902793407440186,0.4366719424724579,0.7905296087265015,2.530636787414551,1.117325782775879,1.2674702405929565,2.514699935913086,0.5929508805274963,0.44059422612190247,1.2649471759796143,-0.9125312566757202,-0.9911203384399414,-0.13760043680667877,-2.085455894470215,-1.6649746894836426,-0.469799667596817,-2.0117292404174805,-1.1009808778762817,0.25412285327911377,-1.189687967300415,-0.20187808573246002,0.8668117523193359,-0.8753608465194702,-0.1247950866818428,0.48383355140686035,-1.5493230819702148,-0.8756141662597656,-0.42399948835372925,-2.3346242904663086,-1.3023219108581543,-0.6003820300102234,-2.0595693588256836,-0.4952695369720459,0.46374619007110596,-0.6983868479728699,1.0755202770233154,1.8634345531463623,0.531205415725708,2.047693967819214,2.28239107131958,0.5412813425064087,1.7116780281066895,1.4860469102859497,-0.4015873074531555,0.7897987961769104,0.5427820086479187,-1.0440139770507812,0.5344613194465637,0.5204975008964539,-0.6598729491233826,1.224907398223877,1.21388578414917,0.09330147504806519,1.8519779443740845,1.4159780740737915,-0.007565165404230356
1511148047203,2,2,-1.8223445415496826,-0.01819164864718914,-0.19454394280910492,-1.1825942993164062,0.7371657490730286,0.36707180738449097,-0.7366819381713867,0.8977355360984802,0.04368916526436806,-1.3185607194900513,0.04036538675427437,-1.1082344055175781,-2.396214008331299,-0.9004085659980774,-1.884361982345581,-2.6706578731536865,-0.7195978164672852,-1.3498095273971558,-1.6168268918991089,0.6185862421989441,0.03268074244260788,-0.1352488100528717,1.901254415512085,0.9078543186187744,0.46494847536087036,2.0484533309936523,0.5738639235496521,-0.047903452068567276,1.3240221738815308,-0.2571963667869568,-0.6271629333496094,0.9490651488304138,-0.37520167231559753,-0.25797733664512634,1.5902793407440186,0.4366719424724579,0.7905296087265015,2.530636787414551,1.117325782775879,1.2674702405929565,2.514699935913086,0.5929508805274963,0.44059422612190247,1.2649471759796143,-0.9125312566757202,-0.9911203384399414,-0.13760043680667877,-2.085455894470215,-1.6649746894836426,-0.469799667596817,-2.0117292404174805,-1.1009808778762817,0.25412285327911377,-1.189687967300415,-0.20187808573246002,0.8668117523193359,-0.8753608465194702,-0.1247950866818428,0.48383355140686035,-1.5493230819702148,-0.8756141662597656,-0.42399948835372925,-2.3346242904663086,-1.3023219108581543,-0.6003820300102234,-2.0595693588256836,-0.4952695369720459,0.46374619007110596,-0.6983868479728699,1.0755202770233154,1.8634345531463623,0.531205415725708,2.047693967819214,2.28239107131958,0.5412813425064087,1.7116780281066895,1.4860469102859497,-0.4015873074531555,0.7897987961769104,0.5427820086479187,-1.0440139770507812,0.5344613194465637,0.5204975008964539,-0.6598729491233826,1.224907398223877,1.21388578414917,0.09330147504806519,1.8519779443740845,1.4159780740737915,-0.007565165404230356,1.3626149892807007,0.40642133355140686,-1.2373802661895752,-0.023210523650050163,-1.1219922304153442,-2.52348256111145,-1.0001006126403809,-1.8121784925460815,-2.6480793952941895,-0.6593660712242126,-1.189832091331482,-1.6359107494354248,0.48390763998031616,-0.18118026852607727,-0.6881223917007446,1.1304091215133667,0.006051820702850819,-0.7474274039268494,0.7376906275749207,-0.6948477029800415,-1.401463508605957,0.13141979277133942,-1.1721925735473633,-1.4237993955612183,0.46603313088417053,-0.5206518769264221,-0.3006149232387543,1.78041410446167,0.8091302514076233,1.0837684869766235,2.878114700317383,1.4755910634994507,1.430469036102295,2.6873884201049805,0.7856144905090332,0.5213208794593811,1.4952168464660645,-0.5119051337242126
1511148047504,1,2,1.117325782775879,1.2674702405929565,2.514699935913086,0.5929508805274963,0.44059422612190247,1.2649471759796143,-0.9125312566757202,-0.9911203384399414,-0.13760043680667877,-2.085455894470215,-1.6649746894836426,-0.469799667596817,-2.0117292404174805,-1.1009808778762817,0.25412285327911377,-1.189687967300415,-0.20187808573246002,0.8668117523193359,-0.8753608465194702,-0.1247950866818428,0.48383355140686035,-1.5493230819702148,-0.8756141662597656,-0.42399948835372925,-2.3346242904663086,-1.3023219108581543,-0.6003820300102234,-2.0595693588256836,-0.4952695369720459,0.46374619007110596,-0.6983868479728699,1.0755202770233154,1.8634345531463623,0.531205415725708,2.047693967819214,2.28239107131958,0.5412813425064087,1.7116780281066895,1.4860469102859497,-0.4015873074531555,0.7897987961769104,0.5427820086479187,-1.0440139770507812,0.5344613194465637,0.5204975008964539,-0.6598729491233826,1.224907398223877,1.21388578414917,0.09330147504806519,1.8519779443740845,1.4159780740737915,-0.007565165404230356,1.3626149892807007,0.40642133355140686,-1.2373802661895752,-0.023210523650050163,-1.1219922304153442,-2.52348256111145,-1.0001006126403809,-1.8121784925460815,-2.6480793952941895,-0.6593660712242126,-1.189832091331482,-1.6359107494354248,0.48390763998031616,-0.18118026852607727,-0.6881223917007446,1.1304091215133667,0.006051820702850819,-0.7474274039268494,0.7376906275749207,-0.6948477029800415,-1.401463508605957,0.13141979277133942,-1.1721925735473633,-1.4237993955612183,0.46603313088417053,-0.5206518769264221,-0.3006149232387543,1.78041410446167,0.8091302514076233,1.0837684869766235,2.878114700317383,1.4755910634994507,1.430469036102295,2.6873884201049805,0.7856144905090332,0.5213208794593811,1.4952168464660645,-0.5119051337242126,-0.5431555509567261,0.5954108834266663,-1.1162422895431519,-0.642293393611908,0.7709860801696777,-0.6905198097229004,0.07152092456817627,1.411299228668213,-0.20644143223762512,0.4153512716293335,1.3050419092178345,-0.717992901802063,-0.3451876938343048,0.154685378074646,-2.034285306930542,-1.5513495206832886,-1.0009403228759766,-2.8821451663970947,-1.8766815662384033,-0.9703189134597778,-2.376405715942383,-0.8703064322471619,0.1989520937204361,-1.057645559310913,0.5105364322662354,1.270439624786377,-0.2662801444530487,1.0110584497451782,1.2526137828826904,-0.594085693359375,0.5171455144882202,0.5180838704109192,-1.2459779977798462,0.12085642665624619,0.28833118081092834,-1.0592577457427979,0.7475625872612,1.1091970205307007
1511148047804,3,2,-0.4015873074531555,0.7897987961769104,0.5427820086479187,-1.0440139770507812,0.5344613194465637,0.5204975008964539,-0.6598729491233826,1.224907398223877,1.21388578414917,0.09330147504806519,1.8519779443740845,1.4159780740737915,-0.007565165404230356,1.3626149892807007,0.40642133355140686,-1.2373802661895752,-0.023210523650050163,-1.1219922304153442,-2.52348256111145,-1.0001006126403809,-1.8121784925460815,-2.6480793952941895,-0.6593660712242126,-1.189832091331482,-1.6359107494354248,0.48390763998031616,-0.18118026852607727,-0.6881223917007446,1.1304091215133667,0.006051820702850819,-0.7474274039268494,0.7376906275749207,-0.6948477029800415,-1.401463508605957,0.13141979277133942,-1.1721925735473633,-1.4237993955612183,0.46603313088417053,-0.5206518769264221,-0.3006149232387543,1.78041410446167,0.8091302514076233,1.0837684869766235,2.878114700317383,1.4755910634994507,1.430469036102295,2.6873884201049805,0.7856144905090332,0.5213208794593811,1.4952168464660645,-0.5119051337242126,-0.5431555509567261,0.5954108834266663,-1.1162422895431519,-0.642293393611908,0.7709860801696777,-0.6905198097229004,0.07152092456817627,1.411299228668213,-0.20644143223762512,0.4153512716293335,1.3050419092178345,-0.717992901802063,-0.3451876938343048,0.154685378074646,-2.034285306930542,-1.5513495206832886,-1.0009403228759766,-2.8821451663970947,-1.8766815662384033,-0.9703189134597778,-2.376405715942383,-0.8703064322471619,0.1989520937204361,-1.057645559310913,0.5105364322662354,1.270439624786377,-0.2662801444530487,1.0110584497451782,1.2526137828826904,-0.594085693359375,0.5171455144882202,0.5180838704109192,-1.2459779977798462,0.12085642665624619,0.28833118081092834,-1.0592577457427979,0.7475625872612,1.1091970205307007,0.04429830610752106,1.9897176027297974,2.142136573791504,0.9119277596473694,2.5451338291168213,2.124316453933716,0.5025045275688171,1.7467998266220093,0.862758457660675,-0.872869074344635,0.36880987882614136,-0.5123056173324585,-1.887562870979309,-0.2519820034503937,-0.8401683568954468,-1.71898353099823,0.2581418454647064,-0.24058863520622253,-0.9547369480133057,0.9390488862991333,0.10342729836702347,-0.8207959532737732,0.7089591026306152,-0.5802602171897888,-1.6620630025863647,-0.2938954532146454,-1.6860606670379639,-2.49245548248291,-0.8448413610458374,-1.9288972616195679,-2.1563806533813477,-0.08821544796228409,-0.8812485337257385,-0.7228400111198425,1.4153529405593872,0.47987672686576843,0.548588752746582,2.3000240325927734,0.8731130957603455
1511148048104,1,3,-0.5206518769264221,-0.3006149232387543,1.78041410446167,0.8091302514076233,1.0837684869766235,2.878114700317383,1.4755910634994507,1.430469036102295,2.6873884201049805,0.7856144905090332,0.5213208794593811,1.4952168464660645,-0.5119051337242126,-0.5431555509567261,0.5954108834266663,-1.1162422895431519,-0.642293393611908,0.7709860801696777,-0.6905198097229004,0.07152092456817627,1.411299228668213,-0.20644143223762512,0.4153512716293335,1.3050419092178345,-0.717992901802063,-0.3451876938343048,0.154685378074646,-2.034285306930542,-1.5513495206832886,-1.0009403228759766,-2.8821451663970947,-1.8766815662384033,-0.9703189134597778,-2.376405715942383,-0.8703064322471619,0.1989520937204361,-1.057645559310913,0.5105364322662354,1.270439624786377,-0.2662801444530487,1.0110584497451782,1.2526137828826904,-0.594085693359375,0.5171455144882202,0.5180838704109192,-1.2459779977798462,0.12085642665624619,0.28833118081092834,-1.0592577457427979,0.7475625872612,1.1091970205307007,0.04429830610752106,1.9897176027297974,2.142136573791504,0.9119277596473694,2.5451338291168213,2.124316453933716,0.5025045275688171,1.7467998266220093,0.862758457660675,-0.872869074344635,0.36880987882614136,-0.5123056173324585,-1.887562870979309,-0.2519820034503937,-0.8401683568954468,-1.71898353099823,0.2581418454647064,-0.24058863520622253,-0.9547369480133057,0.9390488862991333,0.10342729836702347,-0.8207959532737732,0.7089591026306152,-0.5802602171897888,-1.6620630025863647,-0.2938954532146454,-1.6860606670379639,-2.49245548248291,-0.8448413610458374,-1.9288972616195679,-2.1563806533813477,-0.08821544796228409,-0.8812485337257385,-0.7228400111198425,1.4153529405593872,0.47987672686576843,0.548588752746582,2.3000240325927734,0.8731130957603455,0.6378163695335388,1.9474656581878662,0.16306020319461823,-0.0978776142001152,1.1478558778762817,-0.5504406094551086,-0.41774284839630127,1.0963847637176514,-0.29755985736846924,0.27594730257987976,1.929398536682129,0.5748703479766846,1.202376127243042,2.5478785037994385,0.8119112849235535,1.1362866163253784,1.9406306743621826,-0.2306678742170334,-0.09980323910713196,0.4313409626483917,-1.7674612998962402,-1.3654570579528809,-0.6407957077026367,-2.447129964828491,-1.4858269691467285,-0.43867215514183044,-1.8842341899871826,-0.5757962465286255,0.4479200541973114,-1.0512815713882446,0.15651625394821167,0.7573274374008179,-1.0765026807785034,-0.11727981269359589,0.0839640349149704,-1.8845396041870117,-0.8539116978645325,-0.6420616507530212
1511148048405,2,3,-0.2662801444530487,1.0110584497451782,1.2526137828826904,-0.594085693359375,0.5171455144882202,0.5180838704109192,-1.2459779977798462,0.12085642665624619,0.28833118081092834,-1.0592577457427979,0.7475625872612,1.1091970205307007,0.04429830610752106,1.9897176027297974,2.142136573791504,0.9119277596473694,2.5451338291168213,2.124316453933716,0.5025045275688171,1.7467998266220093,0.862758457660675,-0.872869074344635,0.36880987882614136,-0.5123056173324585,-1.887562870979309,-0.2519820034503937,-0.8401683568954468,-1.71898353099823,0.2581418454647064,-0.24058863520622253,-0.9547369480133057,0.9390488862991333,0.10342729836702347,-0.8207959532737732,0.7089591026306152,-0.5802602171897888,-1.6620630025863647,-0.2938954532146454,-1.6860606670379639,-2.49245548248291,-0.8448413610458374,-1.9288972616195679,-2.1563806533813477,-0.08821544796228409,-0.8812485337257385,-0.7228400111198425,1.4153529405593872,0.47987672686576843,0.548588752746582,2.3000240325927734,0.8731130957603455,0.6378163695335388,1.9474656581878662,0.16306020319461823,-0.0978776142001152,1.1478558778762817,-0.5504406094551086,-0.41774284839630127,1.0963847637176514,-0.29755985736846924,0.27594730257987976,1.929398536682129,0.5748703479766846,1.202376127243042,2.5478785037994385,0.8119112849235535,1.1362866163253784,1.9406306743621826,-0.2306678742170334,-0.09980323910713196,0.4313409626483917,-1.7674612998962402,-1.3654570579528809,-0.6407957077026367,-2.447129964828491,-1.4858269691467285,-0.43867215514183044,-1.8842341899871826,-0.5757962465286255,0.4479200541973114,-1.0512815713882446,0.15651625394821167,0.7573274374008179,-1.0765026807785034,-0.11727981269359589,0.0839640349149704,-1.8845396041870117,-0.8539116978645325,-0.6420616507530212,-2.299055337905884,-0.8080258965492249,-0.293283075094223,-1.4829788208007812,0.4367605745792389,1.0577884912490845,0.003053288208320737,1.904159665107727,2.1534552574157715,0.7933914661407471,2.3109307289123535,1.9727498292922974,0.2695942223072052,1.5244383811950684,0.8830903768539429,-0.7605183124542236,0.6712320446968079,0.16360028088092804,-1.0543543100357056,0.7761191129684448,0.47381046414375305,-0.4125000834465027,1.553261637687683,1.0900079011917114,0.11389349400997162,1.7846680879592896,0.8135143518447876,-0.4724040925502777,0.8293115496635437,-0.5371429324150085,-1.8586910963058472,-0.5418593287467957,-1.835680365562439,-2.720262050628662,-0.9904685616493225,-1.9175572395324707,-2.2310924530029297,-0.14352981746196747,-0.91251140832901
1511148048706,3,3,-1.6860606670379639,-2.49245548248291,-0.8448413610458374,-1.9288972616195679,-2.1563806533813477,-0.08821544796228409,-0.8812485337257385,-0.7228400111198425,1.4153529405593872,0.47987672686576843,0.548588752746582,2.3000240325927734,0.8731130957603455,0.6378163695335388,1.9474656581878662,0.16306020319461823,-0.0978776142001152,1.1478558778762817,-0.5504406094551086,-0.41774284839630127,1.0963847637176514,-0.29755985736846924,0.27594730257987976,1.929398536682129,0.5748703479766846,1.202376127243042,2.5478785037994385,0.8119112849235535,1.1362866163253784,1.9406306743621826,-0.2306678742170334,-0.09980323910713196,0.4313409626483917,-1.7674612998962402,-1.3654570579528809,-0.6407957077026367,-2.447129964828491,-1.4858269691467285,-0.43867215514183044,-1.8842341899871826,-0.5757962465286255,0.4479200541973114,-1.0512815713882446,0.15651625394821167,0.7573274374008179,-1.0765026807785034,-0.11727981269359589,0.0839640349149704,-1.8845396041870117,-0.8539116978645325,-0.6420616507530212,-2.299055337905884,-0.8080258965492249,-0.293283075094223,-1.4829788208007812,0.4367605745792389,1.0577884912490845,0.003053288208320737,1.904159665107727,2.1534552574157715,0.7933914661407471,2.3109307289123535,1.9727498292922974,0.2695942223072052,1.5244383811950684,0.8830903768539429,-0.7605183124542236,0.6712320446968079,0.16360028088092804,-1.0543543100357056,0.7761191129684448,0.47381046414375305,-0.4125000834465027,1.553261637687683,1.0900079011917114,0.11389349400997162,1.7846680879592896,0.8135143518447876,-0.4724040925502777,0.8293115496635437,-0.5371429324150085,-1.8586910963058472,-0.5418593287467957,-1.835680365562439,-2.720262050628662,-0.9904685616493225,-1.9175572395324707,-2.2310924530029297,-0.14352981746196747,-0.91251140832901,-1.002747654914856,0.9973447322845459,-0.06510549038648605,-0.3429866135120392,1.2507590055465698,-0.2609517276287079,-0.7179632782936096,0.6332974433898926,-1.0094702243804932,-1.243165373802185,0.287087082862854,-1.0861061811447144,-0.8003849983215332,1.0524953603744507,-0.06015316769480705,0.5584883689880371,2.3948445320129395,1.120718002319336,1.6025968790054321,2.974018096923828,1.1968613862991333,1.3310133218765259,2.191422700881958,0.05693121626973152,0.13405050337314606,0.8834639191627502,-1.1372781991958618,-0.6685774326324463,0.34036487340927124,-1.3084510564804077,-0.3641885817050934,0.8144140839576721,-0.6940356492996216,0.36249983310699463,1.2836016416549683,-0.4954926669597626,0.3145652115345001,0.7405039072036743
1511148049007,3,4,-1.8842341899871826,-0.5757962465286255,0.4479200541973114,-1.0512815713882446,0.15651625394821167,0.7573274374008179,-1.0765026807785034,-0.11727981269359589,0.0839640349149704,-1.8845396041870117,-0.8539116978645325,-0.6420616507530212,-2.299055337905884,-0.8080258965492249,-0.293283075094223,-1.4829788208007812,0.4367605745792389,1.0577884912490845,0.003053288208320737,1.904159665107727,2.1534552574157715,0.7933914661407471,2.3109307289123535,1.9727498292922974,0.2695942223072052,1.5244383811950684,0.8830903768539429,-0.7605183124542236,0.6712320446968079,0.16360028088092804,-1.0543543100357056,0.7761191129684448,0.47381046414375305,-0.4125000834465027,1.553261637687683,1.0900079011917114,0.11389349400997162,1.7846680879592896,0.8135143518447876,-0.4724040925502777,0.8293115496635437,-0.5371429324150085,-1.8586910963058472,-0.5418593287467957,-1.835680365562439,-2.720262050628662,-0.9904685616493225,-1.9175572395324707,-2.2310924530029297,-0.14352981746196747,-0.91251140832901,-1.002747654914856,0.9973447322845459,-0.06510549038648605,-0.3429866135120392,1.2507590055465698,-0.2609517276287079,-0.7179632782936096,0.6332974433898926,-1.0094702243804932,-1.243165373802185,0.287087082862854,-1.0861061811447144,-0.8003849983215332,1.0524953603744507,-0.06015316769480705,0.5584883689880371,2.3948445320129395,1.120718002319336,1.6025968790054321,2.974018096923828,1.1968613862991333,1.3310133218765259,2.191422700881958,0.05693121626973152,0.13405050337314606,0.8834639191627502,-1.1372781991958618,-0.6685774326324463,0.34036487340927124,-1.3084510564804077,-0.3641885817050934,0.8144140839576721,-0.6940356492996216,0.36249983310699463,1.2836016416549683,-0.4954926669597626,0.3145652115345001,0.7405039072036743,-1.3754206895828247,-0.7211969494819641,-0.5386634469032288,-2.6021244525909424,-1.658772349357605,-1.2658884525299072,-2.8703548908233643,-1.3638556003570557,-0.640816330909729,-1.8311488628387451,0.008710507303476334,0.6991355419158936,-0.5159828066825867,1.1788491010665894,1.4072620868682861,-0.14937809109687805,1.2151226997375488,0.9738636016845703,-0.7546411156654358,0.5748310685157776,0.2618483006954193,-1.1993712186813354,0.4856351613998413,0.4073463976383209,-0.6137956380844116,1.416831612586975,1.4051899909973145,0.5167518258094788,2.4696238040924072,2.0720326900482178,0.8941364884376526,2.420225143432617,1.4385671615600586,-0.054086361080408096,1.1802040338516235,-0.08152395486831665,-1.4680533409118652,-0.06292758136987686,-1.1383086442947388
1511148049307,2,4,0.8135143518447876,-0.4724040925502777,0.8293115496635437,-0.5371429324150085,-1.8586910963058472,-0.5418593287467957,-1.835680365562439,-2.720262050628662,-0.9904685616493225,-1.9175572395324707,-2.2310924530029297,-0.14352981746196747,-0.91251140832901,-1.002747654914856,0.9973447322845459,-0.06510549038648605,-0.3429866135120392,1.2507590055465698,-0.2609517276287079,-0.7179632782936096,0.6332974433898926,-1.0094702243804932,-1.243165373802185,0.287087082862854,-1.0861061811447144,-0.8003849983215332,1.0524953603744507,-0.06015316769480705,0.5584883689880371,2.3948445320129395,1.120718002319336,1.6025968790054321,2.974018096923828,1.1968613862991333,1.3310133218765259,2.191422700881958,0.05693121626973152,0.13405050337314606,0.8834639191627502,-1.1372781991958618,-0.6685774326324463,0.34036487340927124,-1.3084510564804077,-0.3641885817050934,0.8144140839576721,-0.6940356492996216,0.36249983310699463,1.2836016416549683,-0.4954926669597626,0.3145652115345001,0.7405039072036743,-1.3754206895828247,-0.7211969494819641,-0.5386634469032288,-2.6021244525909424,-1.658772349357605,-1.2658884525299072,-2.8703548908233643,-1.3638556003570557,-0.640816330909729,-1.8311488628387451,0.008710507303476334,0.6991355419158936,-0.5159828066825867,1.1788491010665894,1.4072620868682861,-0.14937809109687805,1.2151226997375488,0.9738636016845703,-0.7546411156654358,0.5748310685157776,0.2618483006954193,-1.1993712186813354,0.4856351613998413,0.4073463976383209,-0.6137956380844116,1.416831612586975,1.4051899909973145,0.5167518258094788,2.4696238040924072,2.0720326900482178,0.8941364884376526,2.420225143432617,1.4385671615600586,-0.054086361080408096,1.1802040338516235,-0.08152395486831665,-1.4680533409118652,-0.06292758136987686,-1.1383086442947388,-2.0254361629486084,-0.19827322661876678,-0.9847984313964844,-1.4440605640411377,0.5601652264595032,-0.29031312465667725,-0.7432702779769897,1.0006422996520996,-0.2741481065750122,-0.9663696885108948,0.41456353664398193,-1.2016996145248413,-1.8944100141525269,-0.5236765742301941,-2.040227174758911,-2.2883987426757812,-0.5504114627838135,-1.688423991203308,-1.3752316236495972,0.6621278524398804,-0.3177526891231537,0.19127172231674194,2.066228151321411,0.7746620178222656,1.043950080871582,2.41599440574646,0.6367281079292297,0.6533374786376953,1.6739822626113892,-0.2800332009792328,-0.11468090862035751,0.9881019592285156,-0.7194897532463074,-0.08498860150575638,1.2781078815460205,-0.15444721281528473,0.7978642582893372,2.12056040763855
1511148049607,1,4,-1.1372781991958618,-0.6685774326324463,0.34036487340927124,-1.3084510564804077,-0.3641885817050934,0.8144140839576721,-0.6940356492996216,0.36249983310699463,1.2836016416549683,-0.4954926669597626,0.3145652115345001,0.7405039072036743,-1.3754206895828247,-0.7211969494819641,-0.5386634469032288,-2.6021244525909424,-1.658772349357605,-1.2658884525299072,-2.8703548908233643,-1.3638556003570557,-0.640816330909729,-1.8311488628387451,0.008710507303476334,0.6991355419158936,-0.5159828066825867,1.1788491010665894,1.4072620868682861,-0.14937809109687805,1.2151226997375488,0.9738636016845703,-0.7546411156654358,0.5748310685157776,0.2618483006954193,-1.1993712186813354,0.4856351613998413,0.4073463976383209,-0.6137956380844116,1.416831612586975,1.4051899909973145,0.5167518258094788,2.4696238040924072,2.0720326900482178,0.8941364884376526,2.420225143432617,1.4385671615600586,-0.054086361080408096,1.1802040338516235,-0.08152395486831665,-1.4680533409118652,-0.06292758136987686,-1.1383086442947388,-2.0254361629486084,-0.19827322661876678,-0.9847984313964844,-1.4440605640411377,0.5601652264595032,-0.29031312465667725,-0.7432702779769897,1.0006422996520996,-0.2741481065750122,-0.9663696885108948,0.41456353664398193,-1.2016996145248413,-1.8944100141525269,-0.5236765742301941,-2.040227174758911,-2.2883987426757812,-0.5504114627838135,-1.688423991203308,-1.3752316236495972,0.6621278524398804,-0.3177526891231537,0.19127172231674194,2.066228151321411,0.7746620178222656,1.043950080871582,2.41599440574646,0.6367281079292297,0.6533374786376953,1.6739822626113892,-0.2800332009792328,-0.11468090862035751,0.9881019592285156,-0.7194897532463074,-0.08498860150575638,1.2781078815460205,-0.15444721281528473,0.7978642582893372,2.12056040763855,0.5753704309463501,1.4021002054214478,2.2615630626678467,0.2813328206539154,0.7830150127410889,1.146149754524231,-1.1136589050292969,-0.639686107635498,-0.36049917340278625,-2.4166576862335205,-1.5106618404388428,-0.9280919432640076,-2.5081934928894043,-1.0764994621276855,-0.27007123827934265,-1.6037817001342773,-0.01729482412338257,0.5746758580207825,-0.945929765701294,0.4049738347530365,0.5118358731269836,-1.3018193244934082,-0.13872645795345306,-0.3023924231529236,-2.0569381713867188,-0.6698286533355713,-0.6726882457733154,-1.9810916185379028,-0.11023407429456711,0.16252881288528442,-0.7499717473983765,1.3707550764083862,1.5567783117294312,0.596842348575592,2.4831748008728027,2.150115966796875,0.8186017870903015,2.27915096282959,1.4199855327606201
1511148049909,2,5,1.4051899909973145,0.5167518258094788,2.4696238040924072,2.0720326900482178,0.8941364884376526,2.420225143432617,1.4385671615600586,-0.054086361080408096,1.1802040338516235,-0.08152395486831665,-1.4680533409118652,-0.06292758136987686,-1.1383086442947388,-2.0254361629486084,-0.19827322661876678,-0.9847984313964844,-1.4440605640411377,0.5601652264595032,-0.29031312465667725,-0.7432702779769897,1.0006422996520996,-0.2741481065750122,-0.9663696885108948,0.41456353664398193,-1.2016996145248413,-1.8944100141525269,-0.5236765742301941,-2.040227174758911,-2.2883987426757812,-0.5504114627838135,-1.688423991203308,-1.3752316236495972,0.6621278524398804,-0.3177526891231537,0.19127172231674194,2.066228151321411,0.7746620178222656,1.043950080871582,2.41599440574646,0.6367281079292297,0.6533374786376953,1.6739822626113892,-0.2800332009792328,-0.11468090862035751,0.9881019592285156,-0.7194897532463074,-0.08498860150575638,1.2781078815460205,-0.15444721281528473,0.7978642582893372,2.12056040763855,0.5753704309463501,1.4021002054214478,2.2615630626678467,0.2813328206539154,0.7830150127410889,1.146149754524231,-1.1136589050292969,-0.639686107635498,-0.36049917340278625,-2.4166576862335205,-1.5106618404388428,-0.9280919432640076,-2.5081934928894043,-1.0764994621276855,-0.27007123827934265,-1.6037817001342773,-0.01729482412338257,0.5746758580207825,-0.945929765701294,0.4049738347530365,0.5118358731269836,-1.3018193244934082,-0.13872645795345306,-0.3023924231529236,-2.0569381713867188,-0.6698286533355713,-0.6726882457733154,-1.9810916185379028,-0.11023407429456711,0.16252881288528442,-0.7499717473983765,1.3707550764083862,1.5567783117294312,0.596842348575592,2.4831748008728027,2.150115966796875,0.8186017870903015,2.27915096282959,1.4199855327606201,-0.11253197491168976,1.2251721620559692,0.25637850165367126,-1.0163536071777344,0.6187307834625244,-0.1142640933394432,-0.9160032868385315,1.0477930307388306,0.4260406196117401,-0.1766570806503296,1.724001407623291,0.7885098457336426,-0.021898241713643074,1.4765722751617432,0.035471126437187195,-1.011396050453186,0.21541571617126465,-1.4308052062988281,-2.3014559745788574,-0.8883360624313354,-2.274454116821289,-2.580496311187744,-0.7319007515907288,-1.7570252418518066,-1.5792975425720215,0.44898584485054016,-0.5831041932106018,-0.36936017870903015,1.372030258178711,-0.0609002411365509,-0.09856223315000534,1.213334321975708,-0.5758853554725647,-0.6654981970787048,0.5397347807884216,-1.1868106126785278,-0.9016065001487732,0.5684729814529419
1511148050209,3,5,0.6367281079292297,0.6533374786376953,1.6739822626113892,-0.2800332009792328,-0.11468090862035751,0.9881019592285156,-0.7194897532463074,-0.08498860150575638,1.2781078815460205,-0.15444721281528473,0.7978642582893372,2.12056040763855,0.5753704309463501,1.4021002054214478,2.2615630626678467,0.2813328206539154,0.7830150127410889,1.146149754524231,-1.1136589050292969,-0.639686107635498,-0.36049917340278625,-2.4166576862335205,-1.5106618404388428,-0.9280919432640076,-2.5081934928894043,-1.0764994621276855,-0.27007123827934265,-1.6037817001342773,-0.01729482412338257,0.5746758580207825,-0.945929765701294,0.4049738347530365,0.5118358731269836,-1.3018193244934082,-0.13872645795345306,-0.3023924231529236,-2.0569381713867188,-0.6698286533355713,-0.6726882457733154,-1.9810916185379028,-0.11023407429456711,0.16252881288528442,-0.7499717473983765,1.3707550764083862,1.5567783117294312,0.596842348575592,2.4831748008728027,2.150115966796875,0.8186017870903015,2.27915096282959,1.4199855327606201,-0.11253197491168976,1.2251721620559692,0.25637850165367126,-1.0163536071777344,0.6187307834625244,-0.1142640933394432,-0.9160032868385315,1.0477930307388306,0.4260406196117401,-0.1766570806503296,1.724001407623291,0.7885098457336426,-0.021898241713643074,1.4765722751617432,0.035471126437187195,-1.011396050453186,0.21541571617126465,-1.4308052062988281,-2.3014559745788574,-0.8883360624313354,-2.274454116821289,-2.580496311187744,-0.7319007515907288,-1.7570252418518066,-1.5792975425720215,0.44898584485054016,-0.5831041932106018,-0.36936017870903015,1.372030258178711,-0.0609002411365509,-0.09856223315000534,1.213334321975708,-0.5758853554725647,-0.6654981970787048,0.5397347807884216,-1.1868106126785278,-0.9016065001487732,0.5684729814529419,-0.8147470951080322,-0.03385413810610771,1.6459143161773682,0.40066879987716675,1.3235965967178345,2.766752004623413,1.2029836177825928,1.840248703956604,2.717355966567993,0.6690434813499451,1.0154935121536255,1.4932116270065308,-0.7086465954780579,-0.23172420263290405,0.3099431097507477,-1.591270089149475,-0.6298786997795105,0.19385169446468353,-1.3407297134399414,-0.014660912565886974,0.8212395310401917,-0.7131077647209167,0.5445634126663208,0.9758893251419067,-0.885588526725769,0.08980771899223328,0.06817654520273209,-1.9865700006484985,-1.020911455154419,-1.1028200387954712,-2.888610363006592,-1.4929782152175903,-1.2608354091644287,-2.5198628902435303,-0.61577308177948,-0.16068415343761444,-1.1400858163833618,0.8798304200172424,1.098157525062561
1511148050510,1,5,-0.6726882457733154,-1.9810916185379028,-0.11023407429456711,0.16252881288528442,-0.7499717473983765,1.3707550764083862,1.5567783117294312,0.596842348575592,2.4831748008728027,2.150115966796875,0.8186017870903015,2.27915096282959,1.4199855327606201,-0.11253197491168976,1.2251721620559692,0.25637850165367126,-1.0163536071777344,0.6187307834625244,-0.1142640933394432,-0.9160032868385315,1.0477930307388306,0.4260406196117401,-0.1766570806503296,1.724001407623291,0.7885098457336426,-0.021898241713643074,1.4765722751617432,0.035471126437187195,-1.011396050453186,0.21541571617126465,-1.4308052062988281,-2.3014559745788574,-0.8883360624313354,-2.274454116821289,-2.580496311187744,-0.7319007515907288,-1.7570252418518066,-1.5792975425720215,0.44898584485054016,-0.5831041932106018,-0.36936017870903015,1.372030258178711,-0.0609002411365509,-0.09856223315000534,1.213334321975708,-0.5758853554725647,-0.6654981970787048,0.5397347807884216,-1.1868106126785278,-0.9016065001487732,0.5684729814529419,-0.8147470951080322,-0.03385413810610771,1.6459143161773682,0.40066879987716675,1.3235965967178345,2.766752004623413,1.2029836177825928,1.840248703956604,2.717355966567993,0.6690434813499451,1.0154935121536255,1.4932116270065308,-0.7086465954780579,-0.23172420263290405,0.3099431097507477,-1.591270089149475,-0.6298786997795105,0.19385169446468353,-1.3407297134399414,-0.014660912565886974,0.8212395310401917,-0.7131077647209167,0.5445634126663208,0.9758893251419067,-0.885588526725769,0.08980771899223328,0.06817654520273209,-1.9865700006484985,-1.020911455154419,-1.1028200387954712,-2.888610363006592,-1.4929782152175903,-1.2608354091644287,-2.5198628902435303,-0.61577308177948,-0.16068415343761444,-1.1400858163833618,0.8798304200172424,1.098157525062561,-0.06405121088027954,1.6485686302185059,1.3293613195419312,-0.15549829602241516,1.266530156135559,0.6024388670921326,-0.8719475865364075,0.6610034704208374,0.08612527698278427,-0.9832947850227356,0.9363794922828674,0.5916757583618164,-0.09705112129449844,2.0043303966522217,1.55959951877594,0.8338994979858398,2.656555414199829,1.7029856443405151,0.631814181804657,1.9992214441299438,0.546570360660553,-0.6870041489601135,0.5442198514938354,-0.9695433378219604,-1.884957194328308,-0.34505707025527954,-1.545893669128418,-1.908164381980896,-0.00414847070351243,-0.9947936534881592,-1.0651987791061401,0.8165271282196045,-0.3906281292438507,-0.5913748741149902,0.9082923531532288,-0.7333433032035828,-1.1286706924438477,0.08488723635673523
1511148050810,1,6,-0.5831041932106018,-0.36936017870903015,1.372030258178711,-0.0609002411365509,-0.09856223315000534,1.213334321975708,-0.5758853554725647,-0.6654981970787048,0.5397347807884216,-1.1868106126785278,-0.9016065001487732,0.5684729814529419,-0.8147470951080322,-0.03385413810610771,1.6459143161773682,0.40066879987716675,1.3235965967178345,2.766752004623413,1.2029836177825928,1.840248703956604,2.717355966567993,0.6690434813499451,1.0154935121536255,1.4932116270065308,-0.7086465954780579,-0.23172420263290405,0.3099431097507477,-1.591270089149475,-0.6298786997795105,0.19385169446468353,-1.3407297134399414,-0.014660912565886974,0.8212395310401917,-0.7131077647209167,0.5445634126663208,0.9758893251419067,-0.885588526725769,0.08980771899223328,0.06817654520273209,-1.9865700006484985,-1.020911455154419,-1.1028200387954712,-2.888610363006592,-1.4929782152175903,-1.2608354091644287,-2.5198628902435303,-0.61577308177948,-0.16068415343761444,-1.1400858163833618,0.8798304200172424,1.098157525062561,-0.06405121088027954,1.6485686302185059,1.3293613195419312,-0.15549829602241516,1.266530156135559,0.6024388670921326,-0.8719475865364075,0.6610034704208374,0.08612527698278427,-0.9832947850227356,0.9363794922828674,0.5916757583618164,-0.09705112129449844,2.0043303966522217,1.55959951877594,0.8338994979858398,2.656555414199829,1.7029856443405151,0.631814181804657,1.9992214441299438,0.546570360660553,-0.6870041489601135,0.5442198514938354,-0.9695433378219604,-1.884957194328308,-0.34505707025527954,-1.545893669128418,-1.908164381980896,-0.00414847070351243,-0.9947936534881592,-1.0651987791061401,0.8165271282196045,-0.3906281292438507,-0.5913748741149902,0.9082923531532288,-0.7333433032035828,-1.1286706924438477,0.08488723635673523,-1.7242151498794556,-1.9373594522476196,-0.580639123916626,-2.115344762802124,-1.7809962034225464,-0.04714746028184891,-1.2183356285095215,-0.4318201541900635,1.4129177331924438,0.22576209902763367,0.9991253614425659,2.472691059112549,0.8584905862808228,1.3099215030670166,2.254162549972534,0.24484895169734955,0.5629891753196716,1.30156409740448,-0.6756618618965149,-0.050575464963912964,0.8801177740097046,-0.752348005771637,0.33442336320877075,1.4432965517044067,-0.009916103444993496,1.219604730606079,2.0956809520721436,0.39326992630958557,1.357287049293518,1.6896306276321411,-0.41648057103157043,0.2825988233089447,0.24650508165359497,-1.9264967441558838,-1.0665088891983032,-0.9969702363014221,-2.7733476161956787,-1.3902767896652222,-0.9848414063453674
1511148051111,2,6,0.06817654520273209,-1.9865700006484985,-1.020911455154419,-1.1028200387954712,-2.888610363006592,-1.4929782152175903,-1.2608354091644287,-2.5198628902435303,-0.61577308177948,-0.16068415343761444,-1.1400858163833618,0.8798304200172424,1.098157525062561,-0.06405121088027954,1.6485686302185059,1.3293613195419312,-0.15549829602241516,1.266530156135559,0.6024388670921326,-0.8719475865364075,0.6610034704208374,0.08612527698278427,-0.9832947850227356,0.9363794922828674,0.5916757583618164,-0.09705112129449844,2.0043303966522217,1.55959951877594,0.8338994979858398,2.656555414199829,1.7029856443405151,0.631814181804657,1.9992214441299438,0.546570360660553,-0.6870041489601135,0.5442198514938354,-0.9695433378219604,-1.884957194328308,-0.34505707025527954,-1.545893669128418,-1.908164381980896,-0.00414847070351243,-0.9947936534881592,-1.0651987791061401,0.8165271282196045,-0.3906281292438507,-0.5913748741149902,0.9082923531532288,-0.7333433032035828,-1.1286706924438477,0.08488723635673523,-1.7242151498794556,-1.9373594522476196,-0.580639123916626,-2.115344762802124,-1.7809962034225464,-0.04714746028184891,-1.2183356285095215,-0.4318201541900635,1.4129177331924438,0.22576209902763367,0.9991253614425659,2.472691059112549,0.8584905862808228,1.3099215030670166,2.254162549972534,0.24484895169734955,0.5629891753196716,1.30156409740448,-0.6756618618965149,-0.050575464963912964,0.8801177740097046,-0.752348005771637,0.33442336320877075,1.4432965517044067,-0.009916103444993496,1.219604730606079,2.0956809520721436,0.39326992630958557,1.357287049293518,1.6896306276321411,-0.41648057103157043,0.2825988233089447,0.24650508165359497,-1.9264967441558838,-1.0665088891983032,-0.9969702363014221,-2.7733476161956787,-1.3902767896652222,-0.9848414063453674,-2.291964292526245,-0.5047341585159302,-0.03385505452752113,-1.2493295669555664,0.48868289589881897,0.5846610069274902,-0.9005333781242371,0.5344445705413818,0.1687013804912567,-1.4949322938919067,-0.13133504986763,-0.5983967781066895,-2.0085134506225586,-0.3000762164592743,-0.5065394043922424,-1.4155656099319458,0.7112753987312317,0.6767479181289673,0.021550660952925682,2.1748456954956055,1.8560837507247925,0.990075945854187,2.7443430423736572,1.8415037393569946,0.6224281191825867,1.9960969686508179,0.7113573551177979,-0.5167925357818604,0.897095799446106,-0.3061581552028656,-1.1179146766662598,0.6498440504074097,-0.28748178482055664,-0.6678674221038818,1.2881461381912231,0.3239143490791321,-0.016476495191454887,1.688591718673706
1511148051413,3,6,-1.545893669128418,-1.908164381980896,-0.00414847070351243,-0.9947936534881592,-1.0651987791061401,0.8165271282196045,-0.3906281292438507,-0.5913748741149902,0.9082923531532288,-0.7333433032035828,-1.1286706924438477,0.08488723635673523,-1.7242151498794556,-1.9373594522476196,-0.580639123916626,-2.115344762802124,-1.7809962034225464,-0.04714746028184891,-1.2183356285095215,-0.4318201541900635,1.4129177331924438,0.22576209902763367,0.9991253614425659,2.472691059112549,0.8584905862808228,1.3099215030670166,2.254162549972534,0.24484895169734955,0.5629891753196716,1.30156409740448,-0.6756618618965149,-0.050575464963912964,0.8801177740097046,-0.752348005771637,0.33442336320877075,1.4432965517044067,-0.009916103444993496,1.219604730606079,2.0956809520721436,0.39326992630958557,1.357287049293518,1.6896306276321411,-0.41648057103157043,0.2825988233089447,0.24650508165359497,-1.9264967441558838,-1.0665088891983032,-0.9969702363014221,-2.7733476161956787,-1.3902767896652222,-0.9848414063453674,-2.291964292526245,-0.5047341585159302,-0.03385505452752113,-1.2493295669555664,0.48868289589881897,0.5846610069274902,-0.9005333781242371,0.5344445705413818,0.1687013804912567,-1.4949322938919067,-0.13133504986763,-0.5983967781066895,-2.0085134506225586,-0.3000762164592743,-0.5065394043922424,-1.4155656099319458,0.7112753987312317,0.6767479181289673,0.021550660952925682,2.1748456954956055,1.8560837507247925,0.990075945854187,2.7443430423736572,1.8415037393569946,0.6224281191825867,1.9960969686508179,0.7113573551177979,-0.5167925357818604,0.897095799446106,-0.3061581552028656,-1.1179146766662598,0.6498440504074097,-0.28748178482055664,-0.6678674221038818,1.2881461381912231,0.3239143490791321,-0.016476495191454887,1.688591718673706,0.3039809763431549,-0.30190008878707886,0.9749974012374878,-0.8240578770637512,-1.523908257484436,-0.36583107709884644,-2.14935302734375,-2.473982334136963,-0.9963946342468262,-2.3946142196655273,-2.1176912784576416,-0.27152931690216064,-1.3956371545791626,-0.7956355214118958,1.0138485431671143,-0.2871463894844055,0.1795399934053421,1.5577815771102905,-0.17560875415802002,0.05128892511129379,1.058048129081726,-0.8728153705596924,-0.5385128855705261,0.508700430393219,-1.1870341300964355,-0.3844356834888458,0.9448689222335815,-0.41374632716178894,0.775404155254364,2.1408400535583496,0.7591676712036133,1.8844820261001587,2.821593999862671,1.0197423696517944,1.781919002532959,2.146326780319214,-0.030872445553541183,0.5695299506187439,0.7061115503311157
1511148051713,1,7,2.0956809520721436,0.39326992630958557,1.357287049293518,1.6896306276321411,-0.41648057103157043,0.2825988233089447,0.24650508165359497,-1.9264967441558838,-1.0665088891983032,-0.9969702363014221,-2.7733476161956787,-1.3902767896652222,-0.9848414063453674,-2.291964292526245,-0.5047341585159302,-0.03385505452752113,-1.2493295669555664,0.48868289589881897,0.5846610069274902,-0.9005333781242371,0.5344445705413818,0.1687013804912567,-1.4949322938919067,-0.13133504986763,-0.5983967781066895,-2.0085134506225586,-0.3000762164592743,-0.5065394043922424,-1.4155656099319458,0.7112753987312317,0.6767479181289673,0.021550660952925682,2.1748456954956055,1.8560837507247925,0.990075945854187,2.7443430423736572,1.8415037393569946,0.6224281191825867,1.9960969686508179,0.7113573551177979,-0.5167925357818604,0.897095799446106,-0.3061581552028656,-1.1179146766662598,0.6498440504074097,-0.28748178482055664,-0.6678674221038818,1.2881461381912231,0.3239143490791321,-0.016476495191454887,1.688591718673706,0.3039809763431549,-0.30190008878707886,0.9749974012374878,-0.8240578770637512,-1.523908257484436,-0.36583107709884644,-2.14935302734375,-2.473982334136963,-0.9963946342468262,-2.3946142196655273,-2.1176912784576416,-0.27152931690216064,-1.3956371545791626,-0.7956355214118958,1.0138485431671143,-0.2871463894844055,0.1795399934053421,1.5577815771102905,-0.17560875415802002,0.05128892511129379,1.058048129081726,-0.8728153705596924,-0.5385128855705261,0.508700430393219,-1.1870341300964355,-0.3844356834888458,0.9448689222335815,-0.41374632716178894,0.775404155254364,2.1408400535583496,0.7591676712036133,1.8844820261001587,2.821593999862671,1.0197423696517944,1.781919002532959,2.146326780319214,-0.030872445553541183,0.5695299506187439,0.7061115503311157,-1.3956799507141113,-0.4910030961036682,-0.14989310503005981,-1.8288851976394653,-0.43186840415000916,0.13625843822956085,-1.2558388710021973,0.3361779451370239,0.738690197467804,-0.788607120513916,0.5859606266021729,0.5039059519767761,-1.3314669132232666,-0.19839414954185486,-0.6127405166625977,-2.4467291831970215,-1.1563811302185059,-1.4492714405059814,-2.8394994735717773,-1.0484440326690674,-1.0020092725753784,-1.8913531303405762,0.26529234647750854,0.3665322959423065,-0.4207755923271179,1.6235566139221191,1.315313696861267,0.23802030086517334,1.8853274583816528,1.0548204183578491,-0.24807250499725342,1.2135984897613525,0.21198849380016327,-0.8895682096481323,0.8081324100494385,0.014820507727563381,-0.6173716187477112,1.4177238941192627
1511148052015,2,7,0.7113573551177979,-0.5167925357818604,0.897095799446106,-0.3061581552028656,-1.1179146766662598,0.6498440504074097,-0.28748178482055664,-0.6678674221038818,1.2881461381912231,0.3239143490791321,-0.016476495191454887,1.688591718673706,0.3039809763431549,-0.30190008878707886,0.9749974012374878,-0.8240578770637512,-1.523908257484436,-0.36583107709884644,-2.14935302734375,-2.473982334136963,-0.9963946342468262,-2.3946142196655273,-2.1176912784576416,-0.27152931690216064,-1.3956371545791626,-0.7956355214118958,1.0138485431671143,-0.2871463894844055,0.1795399934053421,1.5577815771102905,-0.17560875415802002,0.05128892511129379,1.058048129081726,-0.8728153705596924,-0.5385128855705261,0.508700430393219,-1.1870341300964355,-0.3844356834888458,0.9448689222335815,-0.41374632716178894,0.775404155254364,2.1408400535583496,0.7591676712036133,1.8844820261001587,2.821593999862671,1.0197423696517944,1.781919002532959,2.146326780319214,-0.030872445553541183,0.5695299506187439,0.7061115503311157,-1.3956799507141113,-0.4910030961036682,-0.14989310503005981,-1.8288851976394653,-0.43186840415000916,0.13625843822956085,-1.2558388710021973,0.3361779451370239,0.738690197467804,-0.788607120513916,0.5859606266021729,0.5039059519767761,-1.3314669132232666,-0.19839414954185486,-0.6127405166625977,-2.4467291831970215,-1.1563811302185059,-1.4492714405059814,-2.8394994735717773,-1.0484440326690674,-1.0020092725753784,-1.8913531303405762,0.26529234647750854,0.3665322959423065,-0.4207755923271179,1.6235566139221191,1.315313696861267,0.23802030086517334,1.8853274583816528,1.0548204183578491,-0.24807250499725342,1.2135984897613525,0.21198849380016327,-0.8895682096481323,0.8081324100494385,0.014820507727563381,-0.6173716187477112,1.4177238941192627,0.7783399224281311,0.39902037382125854,2.411238670349121,1.5012774467468262,0.9333550930023193,2.5184848308563232,1.0580567121505737,0.17175030708312988,1.3618255853652954,-0.43110257387161255,-1.279340386390686,-0.04598372429609299,-1.6862002611160278,-2.051671028137207,-0.43813610076904297,-1.7172420024871826,-1.5684136152267456,0.2746478021144867,-0.9268976449966431,-0.6585859656333923,0.9660201072692871,-0.568200945854187,-0.5148641467094421,0.6827366352081299,-1.2130252122879028,-1.2436717748641968,-0.19935087859630585,-2.0592081546783447,-1.7368059158325195,-0.4302122890949249,-1.9021937847137451,-1.0176000595092773,0.5907418727874756,-0.6129336357116699,0.5435837507247925,2.040135145187378,0.6429092884063721,1.598912000656128,2.5765388011932373
1511148052315,3,7,0.9448689222335815,-0.41374632716178894,0.775404155254364,2.1408400535583496,0.7591676712036133,1.8844820261001587,2.821593999862671,1.0197423696517944,1.781919002532959,2.146326780319214,-0.030872445553541183,0.5695299506187439,0.7061115503311157,-1.3956799507141113,-0.4910030961036682,-0.14989310503005981,-1.8288851976394653,-0.43186840415000916,0.13625843822956085,-1.2558388710021973,0.3361779451370239,0.738690197467804,-0.788607120513916,0.5859606266021729,0.5039059519767761,-1.3314669132232666,-0.19839414954185486,-0.6127405166625977,-2.4467291831970215,-1.1563811302185059,-1.4492714405059814,-2.8394994735717773,-1.0484440326690674,-1.0020092725753784,-1.8913531303405762,0.26529234647750854,0.3665322959423065,-0.4207755923271179,1.6235566139221191,1.315313696861267,0.23802030086517334,1.8853274583816528,1.0548204183578491,-0.24807250499725342,1.2135984897613525,0.21198849380016327,-0.8895682096481323,0.8081324100494385,0.014820507727563381,-0.6173716187477112,1.4177238941192627,0.7783399224281311,0.39902037382125854,2.411238670349121,1.5012774467468262,0.9333550930023193,2.5184848308563232,1.0580567121505737,0.17175030708312988,1.3618255853652954,-0.43110257387161255,-1.279340386390686,-0.04598372429609299,-1.6862002611160278,-2.051671028137207,-0.43813610076904297,-1.7172420024871826,-1.5684136152267456,0.2746478021144867,-0.9268976449966431,-0.6585859656333923,0.9660201072692871,-0.568200945854187,-0.5148641467094421,0.6827366352081299,-1.2130252122879028,-1.2436717748641968,-0.19935087859630585,-2.0592081546783447,-1.7368059158325195,-0.4302122890949249,-1.9021937847137451,-1.0176000595092773,0.5907418727874756,-0.6129336357116699,0.5435837507247925,2.040135145187378,0.6429092884063721,1.598912000656128,2.5765388011932373,0.7166251540184021,1.3507035970687866,1.8627369403839111,-0.2272041141986847,0.43418362736701965,0.9074842929840088,-0.9585161209106445,0.11741311848163605,0.8309009075164795,-0.66995769739151,0.7772687673568726,1.5273743867874146,0.06820011138916016,1.4659663438796997,1.8164474964141846,0.020750554278492928,1.0807901620864868,0.8979296088218689,-1.1854277849197388,-0.2610968053340912,-0.6275494694709778,-2.5455081462860107,-1.2883403301239014,-1.3978114128112793,-2.797901153564453,-1.0164713859558105,-0.8413445949554443,-1.8625370264053345,0.13629691302776337,0.19101524353027344,-0.8972753286361694,0.8753176331520081,0.4575427174568176,-0.9121845960617065,0.5670628547668457,-0.20935343205928802,-1.5905890464782715,-0.039569951593875885
1511148052615,3,8,1.315313696861267,0.23802030086517334,1.8853274583816528,1.0548204183578491,-0.24807250499725342,1.2135984897613525,0.21198849380016327,-0.8895682096481323,0.8081324100494385,0.014820507727563381,-0.6173716187477112,1.4177238941192627,0.7783399224281311,0.39902037382125854,2.411238670349121,1.5012774467468262,0.9333550930023193,2.5184848308563232,1.0580567121505737,0.17175030708312988,1.3618255853652954,-0.43110257387161255,-1.279340386390686,-0.04598372429609299,-1.6862002611160278,-2.051671028137207,-0.43813610076904297,-1.7172420024871826,-1.5684136152267456,0.2746478021144867,-0.9268976449966431,-0.6585859656333923,0.9660201072692871,-0.568200945854187,-0.5148641467094421,0.6827366352081299,-1.2130252122879028,-1.2436717748641968,-0.19935087859630585,-2.0592081546783447,-1.7368059158325195,-0.4302122890949249,-1.9021937847137451,-1.0176000595092773,0.5907418727874756,-0.6129336357116699,0.5435837507247925,2.040135145187378,0.6429092884063721,1.598912000656128,2.5765388011932373,0.7166251540184021,1.3507035970687866,1.8627369403839111,-0.2272041141986847,0.43418362736701965,0.9074842929840088,-0.9585161209106445,0.11741311848163605,0.8309009075164795,-0.66995769739151,0.7772687673568726,1.5273743867874146,0.06820011138916016,1.4659663438796997,1.8164474964141846,0.020750554278492928,1.0807901620864868,0.8979296088218689,-1.1854277849197388,-0.2610968053340912,-0.6275494694709778,-2.5455081462860107,-1.2883403301239014,-1.3978114128112793,-2.797901153564453,-1.0164713859558105,-0.8413445949554443,-1.8625370264053345,0.13629691302776337,0.19101524353027344,-0.8972753286361694,0.8753176331520081,0.4575427174568176,-0.9121845960617065,0.5670628547668457,-0.20935343205928802,-1.5905890464782715,-0.039569951593875885,-0.7440526485443115,-1.714542031288147,0.23987500369548798,-0.17657780647277832,-0.680372416973114,1.5458184480667114,1.1412400007247925,0.7091309428215027,2.7336714267730713,1.8827705383300781,1.1306426525115967,2.670872449874878,1.2668325901031494,0.26316019892692566,1.5412099361419678,-0.04595601186156273,-0.8537067770957947,0.6132635474205017,-0.7405134439468384,-1.0478875637054443,0.7504886388778687,-0.3819454610347748,-0.37089043855667114,1.4308570623397827,0.12183354794979095,0.023656610399484634,1.4333430528640747,-0.33001062273979187,-0.6760385632514954,0.36362698674201965,-1.648055911064148,-1.9027491807937622,-0.8076651692390442,-2.5933938026428223,-2.3254761695861816,-0.8462019562721252,-2.2053022384643555,-1.396178126335144,0.3051973879337311
1511148052915,2,8,-0.19935087859630585,-2.0592081546783447,-1.7368059158325195,-0.4302122890949249,-1.9021937847137451,-1.0176000595092773,0.5907418727874756,-0.6129336357116699,0.5435837507247925,2.040135145187378,0.6429092884063721,1.598912000656128,2.5765388011932373,0.7166251540184021,1.3507035970687866,1.8627369403839111,-0.2272041141986847,0.43418362736701965,0.9074842929840088,-0.9585161209106445,0.11741311848163605,0.8309009075164795,-0.66995769739151,0.7772687673568726,1.5273743867874146,0.06820011138916016,1.4659663438796997,1.8164474964141846,0.020750554278492928,1.0807901620864868,0.8979296088218689,-1.1854277849197388,-0.2610968053340912,-0.6275494694709778,-2.5455081462860107,-1.2883403301239014,-1.3978114128112793,-2.797901153564453,-1.0164713859558105,-0.8413445949554443,-1.8625370264053345,0.13629691302776337,0.19101524353027344,-0.8972753286361694,0.8753176331520081,0.4575427174568176,-0.9121845960617065,0.5670628547668457,-0.20935343205928802,-1.5905890464782715,-0.039569951593875885,-0.7440526485443115,-1.714542031288147,0.23987500369548798,-0.17657780647277832,-0.680372416973114,1.5458184480667114,1.1412400007247925,0.7091309428215027,2.7336714267730713,1.8827705383300781,1.1306426525115967,2.670872449874878,1.2668325901031494,0.26316019892692566,1.5412099361419678,-0.04595601186156273,-0.8537067770957947,0.6132635474205017,-0.7405134439468384,-1.0478875637054443,0.7504886388778687,-0.3819454610347748,-0.37089043855667114,1.4308570623397827,0.12183354794979095,0.023656610399484634,1.4333430528640747,-0.33001062273979187,-0.6760385632514954,0.36362698674201965,-1.648055911064148,-1.9027491807937622,-0.8076651692390442,-2.5933938026428223,-2.3254761695861816,-0.8462019562721252,-2.2053022384643555,-1.396178126335144,0.3051973879337311,-0.9265347123146057,0.004373206757009029,1.4542558193206787,-0.09142845869064331,0.5883060097694397,1.5422077178955078,-0.38274896144866943,0.13974393904209137,0.8440997004508972,-1.0840706825256348,-0.29795190691947937,0.5698297023773193,-1.0051405429840088,0.2627129852771759,1.352838397026062,0.032763123512268066,1.5122679471969604,2.435842514038086,0.9295694828033447,2.1642305850982666,2.532339334487915,0.584604799747467,1.4640984535217285,1.3466163873672485,-0.7939907908439636,0.09707038104534149,-0.05294409394264221,-1.9053163528442383,-0.5865167379379272,-0.45478975772857666,-1.8458826541900635,-0.11436640471220016,0.12344955652952194,-1.1123344898223877,0.6194623708724976,0.53070467710495,-0.9372422099113464,0.4886877238750458
1511148053216,1,8,-0.8413445949554443,-1.8625370264053345,0.13629691302776337,0.19101524353027344,-0.8972753286361694,0.8753176331520081,0.4575427174568176,-0.9121845960617065,0.5670628547668457,-0.20935343205928802,-1.5905890464782715,-0.039569951593875885,-0.7440526485443115,-1.714542031288147,0.23987500369548798,-0.17657780647277832,-0.680372416973114,1.5458184480667114,1.1412400007247925,0.7091309428215027,2.7336714267730713,1.8827705383300781,1.1306426525115967,2.670872449874878,1.2668325901031494,0.26316019892692566,1.5412099361419678,-0.04595601186156273,-0.8537067770957947,0.6132635474205017,-0.7405134439468384,-1.0478875637054443,0.7504886388778687,-0.3819454610347748,-0.37089043855667114,1.4308570623397827,0.12183354794979095,0.023656610399484634,1.4333430528640747,-0.33001062273979187,-0.6760385632514954,0.36362698674201965,-1.648055911064148,-1.9027491807937622,-0.8076651692390442,-2.5933938026428223,-2.3254761695861816,-0.8462019562721252,-2.2053022384643555,-1.396178126335144,0.3051973879337311,-0.9265347123146057,0.004373206757009029,1.4542558193206787,-0.09142845869064331,0.5883060097694397,1.5422077178955078,-0.38274896144866943,0.13974393904209137,0.8440997004508972,-1.0840706825256348,-0.29795190691947937,0.5698297023773193,-1.0051405429840088,0.2627129852771759,1.352838397026062,0.032763123512268066,1.5122679471969604,2.435842514038086,0.9295694828033447,2.1642305850982666,2.532339334487915,0.584604799747467,1.4640984535217285,1.3466163873672485,-0.7939907908439636,0.09707038104534149,-0.05294409394264221,-1.9053163528442383,-0.5865167379379272,-0.45478975772857666,-1.8458826541900635,-0.11436640471220016,0.12344955652952194,-1.1123344898223877,0.6194623708724976,0.53070467710495,-0.9372422099113464,0.4886877238750458,-0.08055698871612549,-1.7604711055755615,-0.4693754017353058,-1.196277141571045,-2.66438889503479,-1.0656224489212036,-1.5282151699066162,-2.4516537189483643,-0.370329350233078,-0.5526247620582581,-1.086679220199585,1.1533477306365967,0.8302323222160339,0.2159075289964676,2.1458797454833984,1.306273102760315,0.3690357506275177,1.8970924615859985,0.63723224401474,-0.36904990673065186,1.1159528493881226,-0.12824714183807373,-0.7716071605682373,1.0223495960235596,0.03972754627466202,-0.15464824438095093,1.8519383668899536,0.8924124836921692,0.783096432685852,2.559257984161377,1.1923073530197144,0.7946624159812927,2.0749423503875732,0.2093067169189453,-0.39893075823783875,0.6199852228164673,-1.3597276210784912,-1.7191096544265747,-0.492820680141449
