1511148045399,1,0,-0.1710823074313133,0.0004044106958775995,0.1693444074248905,0.3234647207161168,0.4466271382112923,0.5226398082096079,0.535974270080483,0.47479814190385455,0.3359968651563761,0.12481707728661823,-0.1447118936276946,-0.4488007010506473,-0.7586841545782099,-1.0439724408097324,-1.274681410603704,-1.4274716938064378,-1.4884478690135947,-1.4532320211493532,-1.3298041849028563,-1.1367850001342779,-0.8990667435010979,-0.6465864240612649,-0.40937245311879306,-0.2117608593848772,-0.07139879402524636,0.003974168514052597,0.01882464452584608,-0.01349228199420624,-0.0719554090886786,-0.12998179594141895,-0.16202992949608896,-0.14647658016784784,-0.06797045352206396,0.07761366964486849,0.2835985080610488,0.5341714763357703,0.8040587079494987,1.0634623024427903,1.2830390728573946,1.435689201304251,1.5020167145678816,1.4737579258806677,1.352673637837111,1.1520652860609961,0.8954068331983008,0.6107998315678272,0.3288975687998321,0.07896270134202682,-0.11733863095417513,-0.24686167143791204,-0.3064513836118037,-0.30518649978786205,-0.2606653278229933,-0.1961229856399451,-0.138718061174612,-0.11309777608121252,-0.13768207074489622,-0.22359626232555074,-0.37056421103392423,-0.5670805709304908,-0.7936966177145797,-1.0234236118737572,-1.2260951948041074,-1.3743893461943752,-1.445470602817478,-1.4250569742680785,-1.3111411847039536,-1.112046008455402,-0.8462476252387083,-0.5413135616158379,-0.22774206317683723,0.06417965349760857,0.307206506874273,0.4831779966312623,0.5841412393855514,0.6120271415657268,0.5804070996859003,0.5108319772866887,0.42837324833717416,0.3600224132054145,0.3289849280834645,0.3502132241440186,0.43034424529211157,0.5649351961931015,0.7383139748096945,0.9280735268943667,1.1065579634980849,1.244411029410127,1.317159185143396,1.3070284980317322,1.2053636859519286,1.0162611567596394,0.7542385985512042,0.44223099798071175,0.11064049268403345,-0.2088396119355556,-0.48749030453131403,-0.7013957831045909,-0.8367231797451269,-0.8911945864638942,-0.8721629465449963,-0.797428982169387,-0.6919726326615707,-0.5822280025759974,-0.49426355412042594,-0.44924123968837665,-0.4584875085227945,-0.5240606851714419,-0.6376904435080223,-0.7804214794735101,-0.9277871011576799,-1.052600794830994,-1.1276272408219112,-1.1320956353555518,-1.0538668567138738,-0.8900819789973574,-0.6501062759918869,-0.3530639400324861,-0.023937571345765685,0.307731902776347,0.613593482268824,0.8717278719156996,1.067546075154211,1.197296386628262,1.2689846275942838,1.2978290653557696,1.3037440089007937,1.3037440089007934
1511148045701,2,0,1.8412431644043998,1.7357608975385186,1.5808658200597012,1.3742509726668959,1.1219574239940358,0.8392359417425168,0.5463974499032138,0.26748638786577694,0.02662683992897738,-0.1581939015690437,-0.2762311618112362,-0.32570832166723696,-0.3163308724941144,-0.26581728556189227,-0.19721762717508826,-0.13735239390934706,-0.11048337132107378,-0.13466406720289467,-0.22070818065512698,-0.3680967583165641,-0.565150232213756,-0.7923059067642065,-1.0225093146318907,-1.2255639394396876,-1.3741416358579963,-1.4454153456792245,-1.425118817418796,-1.3112628382857383,-1.112187415423609,-0.8463834198708521,-0.5414298503137492,-0.2278332021746159,0.06411389576932969,0.3071632261430691,0.4831528336013423,0.5841295166340064,0.6120245513200457,0.5804100508579763,0.5108377051548754,0.4283797753126575,0.3600284303150486,0.3289896481075867,0.3502162409811105,0.43034542099603473,0.564934587251417,0.7383118020347273,0.9280701878908356,1.1065540820292112,1.2444075311014375,1.3171573829782117,1.3070301634207708,1.205371071652598,1.016276927058092,0.7542656112420723,0.4422718742408849,0.1106969087497052,-0.20876796798324537,-0.48740713974758915,-0.7013099450354247,-0.8366506256224292,-0.8911603303542603,-0.8722025610378155,-0.7975890102623384,-0.692309015075806,-0.5828013761953355,-0.49513008135010406,-0.45043756696739884,-0.46000863753450527,-0.5258301169835682,-0.6395230939678801,-0.7819817426978414,-0.9285472141803817,-1.051808417030133,-1.124295852085394,-1.1250366879655933,-1.0417879503109302,-0.8717795548238028,-0.6247827419222476,-0.3207953601869944,0.013693981233508179,0.3468511397353762,0.6471392485522535,0.8885631264971922,1.051758221865278,1.1279752247047783,1.1208786487900362,1.0433948240377484,0.9171944418249814,0.769980174996498,0.6289750812893089,0.5185633552961331,0.45714327940570715,0.45216343349640226,0.5009060550446784,0.5912671093821946,0.7014506378864559,0.8052631395273439,0.876277769848312,0.8898171948209297,0.8288736650259604,0.6868559058502317,0.46684699422139975,0.18362322129030156,-0.1383613960249917,-0.47011643043577567,-0.7797880038944673,-1.037338639904159,-1.220410240032359,-1.315000172147291,-1.3177556425595494,-1.2378934046298788,-1.0933137743842873,-0.9085336636497496,-0.7125810440603069,-0.5324058665366813,-0.3899490203580688,-0.3006506877393817,-0.2692825410603066,-0.290959077399654,-0.354026473915201,-0.44045814520943305,-0.5308876710196769,-0.60978043432668,-0.6662944053087085,-0.6976219973050406,-0.7097932600247578,-0.712254929631938,-0.712254929631938
1511148046002,3,0,0.1266495261158382,0.14108199829309392,0.16277528255790516,0.20706223519477315,0.2861396025260602,0.40715626465194965,0.5679958631438036,0.756075654348972,0.952145794251482,1.1313683270331953,1.2666725989770418,1.3352913020267776,1.3206197712672343,1.2147236792754108,1.0220766202798617,0.7573308019853339,0.4434000252239857,0.11057790596362715,-0.20958865515725023,-0.488532303143544,-0.7024750803327476,-0.8376991011174765,-0.892016207227665,-0.8728453221050929,-0.7980324123224435,-0.6925848423974128,-0.5829479542543579,-0.49518489956846834,-0.4504331442372486,-0.4599707446718706,-0.5257775650894194,-0.6394684468532984,-0.7819324740273932,-0.9285069806623145,-1.0517782448278998,-1.1242751301664984,-1.1250239303038514,-1.0417813326923917,-0.8717772567072697,-0.6247831347005484,-0.3207970850239681,0.013692006234579668,0.34684974913905564,0.6471390685471174,0.8885646018425488,1.0517616148314435,1.127980574897397,1.1208856878018199,1.0434028450043749,0.9172021322287252,0.7699854324858764,0.6289748476418968,0.5185535231773886,0.4571187495712986,0.45211842444107314,0.5008347887502143,0.5911650091765447,0.7013161679352893,0.8051003774123086,0.8760997184727516,0.8896496902559133,0.8287595062487176,0.6868585086141061,0.46705245302984516,0.18413916775810707,-0.13741227724297345,-0.4686108387760103,-0.7776273007108302,-1.0344877344714944,-1.2169520642924025,-1.3112059405975742,-1.314167944733677,-1.2354143084898086,-1.093283269602796,-0.9127749045346337,-0.7233783152490177,-0.5523699526150833,-0.42171453630544864,-0.3463438630298089,-0.3297002245936326,-0.3644160553664288,-0.43486558602364617,-0.5172839738423314,-0.5846873668582011,-0.6122401585059734,-0.5788079227319415,-0.4717119047791264,-0.2899050664085995,-0.04210139762903109,0.2526719362084085,0.5666938495678036,0.8696178538481224,1.1309908414997523,1.3237705114900153,1.4303371716206383,1.443129354287266,1.3651016300539454,1.2114302923051161,1.0053816606491128,0.7745836523777143,0.5492124269049776,0.35571563454473315,0.2129423207993561,0.1316818555755645,0.11126439871552173,0.13995693352386968,0.199000928218061,0.26354813850994296,0.3068435861448335,0.3064121324039138,0.2454804811689389,0.11612118924154043,-0.07751061690577488,-0.32186658698038706,-0.5953578613070691,-0.8698643491627354,-1.1173560523822306,-1.3136131660874848,-1.4406476861157194,-1.4921732152960399,-1.4740401017694325,-1.4020466112542267,-1.3015249636254222,-1.2011754576875853,-1.124783950415011,-1.08551183962471,-1.0759469059171005,-1.0759469059171005
1511148046303,3,1,-0.510980682432266,-0.21342152065653014,0.10451257834166588,0.41728476150069216,0.6974321019484119,0.9212688649814926,1.0704502646271177,1.1363841520062363,1.1223780937443304,1.0407489931194556,0.9124860516493962,0.7646505777855508,0.6239239916501548,0.5142708852350542,0.45379025510068627,0.4497364824720008,0.49928162751960264,0.590273717590941,0.7009116249144319,0.8050237315202221,0.8762204912537637,0.8898693245697936,0.829009578307141,0.6870960908426094,0.46725439691607684,0.1842964517296716,-0.13729948532575303,-0.4685371171565019,-0.7775848622886645,-1.0344683678421474,-1.2169482977462973,-1.3112116198787387,-1.31417840418982,-1.2354262873824728,-1.0932946913050696,-0.9127846029235881,-0.7233857636474744,-0.552375027835082,-0.42171733391528965,-0.3463445692353634,-0.3296990439459291,-0.3644131905427483,-0.4348612648194313,-0.5172785179677398,-0.5846812959822297,-0.612234320201668,-0.5788036337016779,-0.4717110803975083,-0.2899103040343757,-0.04211596474361601,0.2526442738435577,0.5666492393010241,0.8695530961065498,1.1309045454338,1.323664731859401,1.4302195412369918,1.44301563396224,1.3650184532824001,1.2114176762087798,1.0054945857192759,0.7748916904949501,0.5497960473071732,0.3566574940456249,0.2143116347513157,0.13350997788251173,0.11351018527699673,0.1424615381002031,0.20143362491318342,0.2653478208287018,0.3071649450966365,0.30409121909156206,0.23904122439333042,0.1038518952496233,-0.09737482476386833,-0.3508148630501229,-0.6340882426667717,-0.9175510740006411,-1.1706912964846337,-1.3656558308790392,-1.4795763570464735,-1.5001324704185897,-1.426390232495574,-1.2674726744336782,-1.0436200036779977,-0.7822612417796256,-0.5128319248725329,-0.26502004256932943,-0.06343781478386377,0.07687601894222959,0.1499995416301836,0.16103723146793217,0.12604292583131682,0.06697605309337681,0.009637094653577816,-0.019616966157107705,-0.0003983074612052828,0.08002341822581058,0.2252123199080251,0.42645973072039567,0.6655362372175853,0.9176176537508411,1.1524727870414782,1.3405810760084993,1.4576529602159596,1.4859281388061634,1.418705952140456,1.2614922267711677,1.0291573237942877,0.7459338328299994,0.4420155890535643,0.14735109487353062,-0.11030807108563934,-0.3093039012451733,-0.43871162694313137,-0.49718403281573254,-0.492874402015135,-0.44330199925596436,-0.3696764960648987,-0.2934501137597206,-0.23401528152473366,-0.2028567182434645,-0.20225294526325197,-0.2268077816387122,-0.26315316375249986,-0.2954111638541607,-0.31334310612231264,-0.3179728069510839,-0.31797280695108393
1511148046603,1,1,-0.4613898413471539,-0.39661600093890326,-0.38003147547995203,-0.40874989191963546,-0.4704436963845416,-0.5435720291342077,-0.6024919471176593,-0.6230412419635367,-0.5842951138028067,-0.47349318783979405,-0.28934947269079425,-0.040277339274081725,0.2549961312764275,0.5690139280318073,0.8716418176588795,1.1325845773931038,1.3249088516582859,1.4310643514606545,1.4435299910806587,1.3652814792084165,1.2115049056335632,1.0054704437214226,0.7748065054751827,0.5496860254245812,0.3565463968368952,0.21421323349356186,0.13343065976914664,0.11345133441927385,0.1424215018476007,0.20140920629070508,0.2653353197596021,0.307160815342433,0.30409242522818647,0.2390453830458328,0.10385727473082026,-0.09736938680163115,-0.35081007961347854,-0.6340845045010374,-0.9175485643304524,-1.1706900822088042,-1.3656559244971476,-1.4795777468697926,-1.5001351183749958,-1.4263940398482031,-1.2674774167941187,-1.0436252385958917,-0.7822661956758223,-0.512835371794632,-0.2650201956317508,-0.06343226230913916,0.07689028709509145,0.15002595756702192,0.16107924951829788,0.12610331873149433,0.06705582650664176,0.009733964258808452,-0.01951054111573295,-0.0002974524469674389,0.08009352064331948,0.2252142227087292,0.4263424375239232,0.6652357923687521,0.9170608753652314,1.1515856957676793,1.339303744281339,1.4559624464351053,1.4838707183642774,1.4164388160111347,1.2593329689684143,1.0276366677880562,0.7458429950609213,0.4444344146993622,0.15363682690776562,-0.09859825442457529,-0.29058955458525537,-0.41170164511115237,-0.46136081303007137,-0.4491757954657283,-0.3950054692489937,-0.3234509727353617,-0.26048042822655093,-0.23101833928645957,-0.2526969893871014,-0.3337315103777538,-0.4730557649762175,-0.657929370506371,-0.8665216568556899,-1.0724207478945627,-1.2460491781800882,-1.360003977538193,-1.3943791867849482,-1.337365696149683,-1.1882945796280013,-0.9590458903627119,-0.6701422352541809,-0.3493417031921524,-0.02885025688238768,0.26144226399857623,0.49651807915192736,0.6587202651775808,0.7423245167550103,0.7524139571627153,0.7031388036897099,0.6176245361971044,0.522551040251096,0.4434882330105988,0.40316370937306717,0.41608305220938147,0.4859305813611403,0.6071015259675274,0.7635043929004298,0.9307678471594274,1.081970979223263,1.1896491382254437,1.23002124177843,1.1887210458928739,1.0610334819024294,0.853072281022644,0.5830700746432171,0.276697135207844,-0.03625115689974645,-0.3245270301093964,-0.5626569385527218,-0.7348213905997801,-0.8365088449093678,-0.8788234313457269,-0.8876415576138154,-0.8876415576138152
1511148046903,2,1,-1.5181577641218644,-1.562354160483489,-1.566156932066088,-1.51312537709855,-1.3955832274113151,-1.215213777609414,-0.9853084904985954,-0.7274620035735128,-0.46661415101819803,-0.22926428124430492,-0.037968295674178254,0.0933949885267329,0.15940992024603665,0.16525109643956581,0.12678322462292554,0.06564967666097757,0.007298771555073595,-0.022244687660196,-0.0028756163590595574,0.07791381157665792,0.22352442053889232,0.42513634187232496,0.6644518873888066,0.9166132616047207,1.1513847685711815,1.3392685083818483,1.4560265536287944,1.4839841783425551,1.4165670182269023,1.259454277950376,1.027739487530022,0.7459228802645822,0.44449155499110266,0.15367404665778284,-0.09857696041235012,-0.29058000183561106,-0.4117000443328108,-0.46136405639796246,-0.44918153551510165,-0.3950120671169227,-0.32345737510343153,-0.2604860154889876,-0.2310227731841656,-0.25270007750823664,-0.33373309767853626,-0.4730556584903286,-0.6579273020618311,-0.8665172890912024,-1.0724137302066763,-1.2460392603385047,-1.3599911883166123,-1.3943640816316956,-1.33734967008159,-1.1882802275441042,-0.9590373753850266,-0.6701455955951705,-0.3493649895982719,-0.02890334792839183,0.26134836779211096,0.4963727205997477,0.6585156118939262,0.7420592942922501,0.7520985830206222,0.7028018898704453,0.6173204184701944,0.5223675244370727,0.44355310256529273,0.40364771700750607,0.41719616246376195,0.4879072408461618,0.6101698945578745,0.7678340574614634,0.9363909656699005,1.0886736002135167,1.1968332502773626,1.2365446286622528,1.1927319052061556,1.0598304403052679,0.8430378672891796,0.5597460397157098,0.23509114498988332,-0.10101979681879475,-0.41612584127806995,-0.6818746429952213,-0.8772672988450293,-0.989686301386717,-1.0187237161214495,-0.9752133578952704,-0.877793029626323,-0.75227831281784,-0.6267916129481117,-0.5260399055165722,-0.46994224360091236,-0.46958677056508924,-0.5242725486061341,-0.623996138675501,-0.749764680649686,-0.8753205750478578,-0.9734954778928602,-1.0190149469326544,-0.9914216655320184,-0.8806832548435929,-0.6874583793235045,-0.42248524299102397,-0.10768280692378854,0.22832057701339975,0.5546725501107382,0.8401440502717523,1.059071263490502,1.195241820355392,1.241675509355244,1.203176270856996,1.0956546148980224,0.9413654979177627,0.7674152936688994,0.6018218816452872,0.4672932411377321,0.3800788046141085,0.34785868278173754,0.3671122545485327,0.4265320037865348,0.5095072139970069,0.5959224971086621,0.6687879950691014,0.7178691065851737,0.7406742026530753,0.7457773077015575,0.7457773077015574
1511148047203,2,2,-0.815110473769256,-0.5848265411891074,-0.3894279895276057,-0.24745809790705237,-0.17420579035086325,-0.1775531759572875,-0.25706766405197473,-0.40470441757011605,-0.6025386539828834,-0.8252065471125264,-1.0441343619928343,-1.2286290940817906,-1.3509066738850715,-1.3911474980458152,-1.3378870476322378,-1.190908223362527,-0.9625506332937581,-0.6737460959336393,-0.3525841665252064,-0.03151790534701687,0.25939417089450517,0.49503175933182164,0.6576873562704024,0.7416246017268068,0.7519419015523301,0.7028235740672775,0.6174418937905445,0.5225317274563698,0.443722156595047,0.4037992992425385,0.4173195553231944,0.4879996751432515,0.6102334982553315,0.7678735174190175,0.9364118784050485,1.0886814150865876,1.1968326783550296,1.2365393883708453,1.192724690138436,1.0598230165909328,0.8430312319488031,0.5597405938497637,0.23508685470323692,-0.10102326380005944,-0.4161290041581539,-0.681878114712319,-0.877271699308082,-0.9896921629014502,-1.0187313666852718,-0.9752227705081726,-0.8778036312993087,-0.7522887563423212,-0.6267995286097245,-0.5260416695497228,-0.46993282554237625,-0.4695597520403641,-0.5242204391180156,-0.6239111449601501,-0.7496401073061231,-0.8751530338249558,-0.9732880454503421,-1.01878131632575,-0.9911911625658971,-0.8805063141289217,-0.6874116781645118,-0.422675167616273,-0.10824529013206263,0.22722650532281807,0.5528808183540551,0.837510982882408,1.0555221860126873,1.190837842278948,1.2367015171191365,1.1982475024773458,1.091833358999728,0.9402710717506159,0.7712993586617138,0.613567658025031,0.4902823207416916,0.4178551222657492,0.40350927945141657,0.44228394687180533,0.5200190534656867,0.615386472799458,0.7012894997984542,0.7512704378395648,0.7432715245103482,0.6613427956450735,0.5005605391592245,0.2675343095693472,-0.021910134985759278,-0.3423804862362325,-0.6630021636318499,-0.953168673465523,-1.184351449374236,-1.334863905281896,-1.3942113799796116,-1.3620351868863643,-1.2490326614244367,-1.0765588819589054,-0.8710443708061373,-0.6613011719244791,-0.475479898333201,-0.33465168987319005,-0.25120007360299845,-0.22817480702446824,-0.25670256524753104,-0.31903039763208746,-0.39224170870545616,-0.44958549565512146,-0.4663290332332629,-0.42434876447435255,-0.31276309391866797,-0.1314837342518391,0.10815183005429652,0.3872761720808481,0.68053221459628,0.9597510650350765,1.2006767942885137,1.3850544828807845,1.5036153176422036,1.5597688435643184,1.5667724115143322,1.544659676885225,1.516825045279668,1.5001066768230586,1.4958196430126423,1.495819643012642
1511148047504,1,2,1.122641469884172,0.9732975916489257,0.7574342953116256,0.48493274888995386,0.17543596734872727,-0.144825849390872,-0.44558533065315997,-0.6995693923760539,-0.8860893711199898,-0.9923593167618479,-1.0175481684178012,-0.9719710004639218,-0.8737539945460302,-0.7482663153623452,-0.6232746618818013,-0.523224785064002,-0.4678598814627925,-0.4681622531524676,-0.5233781345488666,-0.6234884811877137,-0.7495089879353817,-0.8752049915280425,-0.9734388773693675,-1.0189708375820934,-0.9913801867459764,-0.8806724036372284,-0.6875446975763077,-0.42277325676273747,-0.10831156074330861,0.22718646159079936,0.5528606571679838,0.8375046879968577,1.055524648699926,1.1908450826354615,1.23671067224322,1.1982566811970408,1.0918414365645235,0.9402774743495314,0.7713038685905338,0.6135702562890891,0.49028307450679415,0.4178541190396095,0.4035066071388959,0.4422797177649171,0.5200134696700169,0.6153799294706391,0.7012827198434362,0.7512646265160935,0.7432685239126751,0.6613452070024696,0.5005717653500202,0.26755845226602687,-0.021868607355192637,-0.3423173981354356,-0.6629147231721821,-0.9530570850557964,-1.1842210979201602,-1.3347280795114722,-1.3940943661728697,-1.3619753619933994,-1.2490849395309875,-1.0767955237579878,-0.8715527726345497,-0.6621768548785182,-0.4768125994774874,-0.33650234062157325,-0.2535667089496226,-0.23094630810088929,-0.25960086276256156,-0.32154463781433046,-0.3935621590523584,-0.44855079263840936,-0.4614076817905147,-0.4136841645907048,-0.2943198316811738,-0.10333973891207926,0.14732001355058044,0.43747299494658864,0.739463530718566,1.0215974699207753,1.2546926080924834,1.414155430811757,1.4832413011682175,1.4574632748359884,1.343097582532701,1.1562484082385094,0.9225167340892322,0.6711755656447667,0.4311967780831418,0.2290853368789653,0.08298626802810477,0.0006357437566149619,-0.019697492699406544,0.009058581137521324,0.06552397374401599,0.1250102719091021,0.16114624644675785,0.15078586867793373,0.07929628059540722,-0.05932591503273954,-0.2603802611276174,-0.5074174166915744,-0.7767426965629851,-1.0395919034268812,-1.2648297952096763,-1.4257068663847092,-1.5024354630811951,-1.4838440899707543,-1.3713414992313622,-1.177366876925443,-0.9226388296318989,-0.6356080045515426,-0.3470005394167594,-0.08477108181236565,0.1272759554452622,0.27409673906424603,0.3516487886113366,0.3644238765215747,0.32563529581416495,0.25477373510075496,0.17147068785798797,0.09352679613148104,0.033949727295462716,-0.003252777769429194,-0.020901574281575366,-0.025922693452865082,-0.026412117926142974,-0.026412117926142974
1511148047804,3,2,-0.02967453317985197,0.06888862352069033,0.1743062771232657,0.2912352256236002,0.4188213218137191,0.5503499720789355,0.6729631652033521,0.7676077403690738,0.8146610195804731,0.7973876535385513,0.703654149250746,0.531031541964445,0.28756643455180353,-0.01025792518038704,-0.33691845864142045,-0.6617286003179794,-0.9544314986893031,-1.1869007374714862,-1.3378359286808998,-1.3970756555785502,-1.3645267834781527,-1.251083881204941,-1.0782377959244882,-0.8725026696306002,-0.6627302820472268,-0.47707211843679675,-0.33656204642003856,-0.2535045632960927,-0.23082167135857076,-0.2594553058620289,-0.3214045394190056,-0.3934420158738978,-0.44845654181796324,-0.4613396312608311,-0.41363934629804533,-0.2942937405408194,-0.10332750997967788,0.14732289174602492,0.43747031816278525,0.739458259557445,1.0215917597507387,1.2546879139210052,1.4141526318944329,1.4832408074085541,1.4574650916566112,1.3431013231557412,1.1562532530859997,0.922521347483917,0.6711779913493434,0.431194348387431,0.22907464529438437,0.08296327264633056,0.0005960851712090171,-0.019757861801686705,0.008974808708998472,0.06541700309649791,0.12488529852517753,0.16101606639500401,0.1506738440054816,0.07923930281182104,-0.05927508468636267,-0.26015222648925473,-0.5069282856166274,-0.7759008327390085,-1.0383113046556425,-1.2630522225585543,-1.4234345982855516,-1.4997757212798724,-1.481064524833874,-1.368933359151903,-1.176108378404717,-0.9236456502529421,-0.6403508054334704,-0.3572613966132478,-0.10250259240693338,0.10023169783702704,0.23647461692337418,0.3034528163955679,0.30786802360539794,0.26632111180425583,0.2030346841302889,0.14372629556498207,0.11337125220432803,0.1325507035867664,0.2119598640376834,0.35252613814173017,0.545169387900549,0.7698073699541259,1.0001668192067306,1.2074586082569456,1.3624763109652864,1.4419593128196442,1.4317961894473314,1.327223231284289,1.1358355591334584,0.8762541162552879,0.5737889430892108,0.2592461721260334,-0.03584971686471944,-0.2852572299759736,-0.46921294501733635,-0.5776961221504253,-0.6131125292909521,-0.5872390947381507,-0.5200349234389069,-0.437819718974191,-0.36673167378008337,-0.32965117525299104,-0.34388365854807984,-0.4160237387744182,-0.5420167878812224,-0.7087882934398475,-0.893745832399185,-1.0694868567873443,-1.2089525309689284,-1.2872831990154592,-1.287300742723907,-1.2032857976700215,-1.0399480919138147,-0.8137841006713047,-0.551600471462838,-0.28426641858136054,-0.043414441922560804,0.14393571247724907,0.2637534837022081,0.31849751235894763,0.33094606394975046,0.33094606394975046
1511148048104,1,3,0.4518647654443292,0.7483657356940825,1.0262820958166232,1.2563953622465802,1.4139431343554278,1.4819559658831902,1.455716883642858,1.3412965814186824,1.1546322985915074,0.9212001182622117,0.6701871304296642,0.4305118626012124,0.22865096023653356,0.08273892051733703,0.00051304410871652,-0.019749831490794574,0.009034157812344387,0.06549870177382579,0.12497003892642031,0.16109240030674427,0.1507362067713274,0.07928617391704973,-0.05924272220162313,-0.26013207049861337,-0.5069175530312576,-0.7758967983793481,-1.038311603733677,-1.263054981141042,-1.4234384492466652,-1.499779752408055,-1.4810681939315735,-1.368936400002846,-1.1761107123440873,-0.9236473111038794,-0.6403518807157973,-0.35726198491369515,-0.10250277525518085,0.10023187170033573,0.23647513672885836,0.303453705131711,0.307869324731534,0.26632286648117837,0.20303689816634263,0.14372889546158216,0.11337403070526708,0.13255325725026398,0.211961528794962,0.3525259337373861,0.5451659885168193,0.7697991259010979,1.0001518625639987,1.2074350824020268,1.3624427678326172,1.4419153193540875,1.4317431718829063,1.3271655575211074,1.1357818100105708,0.8762184205884542,0.5737921451859627,0.25931646383852464,-0.035677228737452715,-0.2849427205631883,-0.4687166830275686,-0.5769868320927742,-0.6121801933236396,-0.5861128162201513,-0.5188058793455375,-0.4366681863422449,-0.3659555120368714,-0.3296908998193192,-0.34533634316863165,-0.41963455610390177,-0.5486333621814956,-0.7192598005172839,-0.9087469106442589,-1.0892472945576697,-1.2328792386738558,-1.3134734461953306,-1.3119675790168335,-1.2201504267980086,-1.039701502576158,-0.7837817095754444,-0.4760264012361752,-0.14508157855216341,0.17752791177905564,0.46118226025786674,0.6825435085268599,0.8267635236379465,0.8889913788715642,0.8769309898852267,0.8074402278891637,0.7036304112219641,0.5933317206267321,0.5027428600294177,0.4524394290017702,0.4562338052264224,0.5169103995061999,0.6259573060818538,0.7667115267642463,0.9146115159705955,1.0412346381220408,1.1203791831548449,1.1297826263583068,1.0551201807407433,0.8940267259870505,0.6543916618820942,0.3542156459023425,0.020865690834419026,-0.3149386886837553,-0.622379777988249,-0.8732423487400087,-1.0480272359667993,-1.1373610683408533,-1.141660654004884,-1.0730278647726548,-0.9518487793755291,-0.8022406338687502,-0.6505074045980844,-0.5196255894616191,-0.4247152309346699,-0.373247881858228,-0.3628828723818743,-0.3819072155133443,-0.41488338298368505,-0.44571567821477515,-0.46270509520244446,-0.46685329544182025,-0.4668532954418203
1511148048405,2,3,0.09883444482030102,0.11557784640004781,0.10414834187028096,0.07758285021311533,0.05438636904770981,0.05546662573267762,0.09962992681087265,0.1973254224926576,0.3501415001745345,0.5501004725413148,0.7783438801549313,1.0097453172690005,1.2164810843248044,1.3700906210023687,1.4478441953707197,1.4359748602405968,1.329915920804384,1.1373522564821197,0.8769233528218359,0.573915754173042,0.259091546089832,-0.036075273415731524,-0.28539245745564,-0.46914220645659926,-0.5773474673138609,-0.6124603634266383,-0.5863132179581708,-0.5189364677863342,-0.43674303863908426,-0.36598938558217875,-0.32969717577024243,-0.3453260119988294,-0.4196159232237021,-0.5486122024520773,-0.7192397520208773,-0.9087299583659018,-1.0892342469474299,-1.232870141488954,-1.3134679082292433,-1.3119650044980595,-1.2201501613360146,-1.0397029057289178,-0.7837841694964961,-0.4760293072345489,-0.14508426720966092,0.1775262209869946,0.4611825224415993,0.682546883723784,0.8267713557502754,0.8890050944531924,0.876951884434295,0.807469106642591,0.7036670565450647,0.5933741725200431,0.5027865241921785,0.4524760726217177,0.45625056794940805,0.5168890378430657,0.6258740023189636,0.7665377210095458,0.9143163465765655,1.0407896742101594,1.1197661618686274,1.1290048091101959,1.0542176431782424,0.8930953089254265,0.6536043440042246,0.35384367414025975,0.02129487827414156,-0.31320348464828174,-0.6187317018576737,-0.8670235300486295,-1.038628248402564,-1.124384073542939,-1.1251594308901047,-1.05383167234683,-0.9319646584365083,-0.7853083785880677,-0.6422513218054513,-0.5282063708982385,-0.4608343822029357,-0.44979931553802566,-0.4938883931944989,-0.5804267509825696,-0.6895754261866737,-0.7957643424197784,-0.8709606777980067,-0.8912925273977406,-0.8390596351846209,-0.7051219089174096,-0.4927974969810495,-0.21585762333487474,0.10345770726208553,0.43515666223743,0.7474892797032094,1.0113933736307976,1.202314428841042,1.3055508797177962,1.3181072775253302,1.2468843973806871,1.109620633879055,0.9319548902012031,0.7416668368479558,0.5667851359563332,0.4311262801143798,0.34906585252293654,0.3258226467201658,0.35631370473656393,0.42441287072450806,0.5078727741415384,0.5811367223657125,0.6177961988853892,0.5970882848028958,0.5063075459348797,0.34143276957537455,0.11020780061443083,-0.17002458744105386,-0.47627417053022614,-0.7811413566958808,-1.0583914997464348,-1.2883503088746664,-1.4587368107843286,-1.5678591047056565,-1.6253352457450636,-1.6468608017254684,-1.6505346895129795,-1.6502777224515883,-1.6502777224515883
1511148048706,3,3,-1.6518106706054474,-1.513846156605337,-1.319504837845105,-1.0682965260070933,-0.768330522527453,-0.4371414318394158,-0.09740317402707882,0.224542096677734,0.5021831584027874,0.7151817718984597,0.8506935288845313,0.9050593148049058,0.8865658227961204,0.8122339982877351,0.7050773737641234,0.592689774529745,0.5009816336065346,0.4502442092975936,0.45404101465854824,0.5149570378977433,0.6243328255756626,0.7654055639497594,0.913554647304093,1.0403319081975937,1.1195377227591932,1.12893538965951,1.054247827315219,0.8931790507827966,0.6537087888275263,0.35394747485313094,0.021385850398398243,-0.31313080653578185,-0.6186782708610783,-0.866987592606384,-1.0386067024438899,-1.1243734060187218,-1.12515630053323,-1.0538332182310974,-0.9319686140359361,-0.7853130614578486,-0.6422555556960312,-0.5282093833518532,-0.4608357083293333,-0.4497987284906026,-0.4938858738424047,-0.5804225028311041,-0.689569935837842,-0.7957584797276251,-0.8709558222971718,-0.8912906976705918,-0.8390635850492171,-0.7051351387518067,-0.4928241111734645,-0.2159019481029552,0.10339184354862568,0.4350670854240295,0.7473771441898371,1.0112653881194853,1.20218557679044,1.3054474327128691,1.31806968916831,1.2469693845041943,1.1099014073731444,0.9325181141646552,0.7426045231922412,0.5681794084743804,0.43302489744748873,0.35144674229935235,0.32854669996709346,0.35906697283336564,0.42664236658890126,0.5087245317936153,0.5794107187705246,0.6119400581577581,0.5852598542841903,0.48654438427915603,0.31197249701208096,0.07000438337649725,-0.2205509997869628,-0.534237071263983,-0.8399603853758619,-1.1064251590480185,-1.3075705566870437,-1.4237532372801391,-1.4457557507542713,-1.376957079397632,-1.2303569453662102,-1.02809330118951,-0.799014944720315,-0.57215968205539,-0.3742081145507644,-0.22637023788435834,-0.13915647470043246,-0.11278979849001224,-0.13790497134946214,-0.19494231306429394,-0.25915656637577805,-0.30486561737563206,-0.30734955919808793,-0.24875819745260172,-0.12120151217356714,0.07386982269784437,0.3234990442264529,0.6048382126090369,0.8902182750965414,1.1487936871910973,1.3510222444080626,1.4747055097202355,1.5058643837949717,1.441040750535791,1.2895428727161422,1.0697947010107185,0.8072280107457697,0.532365464131864,0.27423026957050395,0.05710708875875985,-0.10103336758849965,-0.19296667445972462,-0.2216863022614085,-0.19766581946442224,-0.13868613137960673,-0.06507896530404628,0.005652405319406126,0.059954683078095004,0.09192276409839874,0.10504468804909906,0.1078144479052687,0.10781444790526869
1511148049007,3,4,-0.9103656630804655,-0.7075770561229777,-0.5514148204232636,-0.4570834807289796,-0.43102071792372015,-0.46873208337038946,-0.5546225050618135,-0.6664902876618608,-0.7770058454834018,-0.8569340711953018,-0.8816648291118266,-0.8331145806298808,-0.7020096816621578,-0.49169403201164474,-0.21605274353373272,0.10252381486909501,0.4338913261024271,0.7461656056731675,1.0101784741313777,1.2013004363727906,1.3047841776316615,1.3176132784720906,1.2466863996198716,1.109751884130803,0.9324631195493938,0.7426103815256605,0.5682194978370864,0.4330798360581556,0.35150362829429505,0.32859789879576995,0.3591087900888833,0.4266738137975085,0.5087462929876645,0.5794243554873937,0.611947445698998,0.5852628172323369,0.4865444889313033,0.3119709576955927,0.07000204464755516,-0.22055363520789573,-0.5342397902901854,-0.8399632013108997,-1.1064282434206056,-1.3075741666838692,-1.4237576353943835,-1.4457611112226911,-1.3769633760315845,-1.2303638178218066,-1.0280999020040267,-0.7990197780392225,-0.5721604572603769,-0.37420165402811534,-0.22635249737192337,-0.1391227554261395,-0.11273524959025104,-0.1378254937942514,-0.19483597509918243,-0.25902561529205825,-0.30471911076347696,-0.3072065265793519,-0.2486510662426108,-0.12117927923285535,0.07373952454101251,0.3231302358614687,0.6041309023100612,0.889068932191336,1.1471142254100228,1.3487698666882593,1.4719252441841424,1.5027448493131934,1.4379813284813956,1.2872267279012086,1.0692567508005868,0.8098999075153444,0.5400711468528343,0.28909633666387174,0.08134349894114963,-0.0655327073458014,-0.14525370727938328,-0.16265849464523416,-0.13124816925980548,-0.07325828600135044,-0.015031446823372709,0.018461890130733932,0.0052229433036860284,-0.06904030263020944,-0.20737416944418957,-0.40322808130363885,-0.639807720814507,-0.8913151340577565,-1.1288935903006587,-1.3232104598776937,-1.4478141785364007,-1.485281117620906,-1.4281375512908085,-1.2793354972391167,-1.0542120636162542,-0.7766479821148977,-0.47527355708325975,-0.1817578634761956,0.07541025783222696,0.27510748841021304,0.4041588659232995,0.4608799248888228,0.45510995949164346,0.40430309306824974,0.33266548828796405,0.2672298277462261,0.23154579603262093,0.24406543299012523,0.3149779067568662,0.4425991186637033,0.6157111765485541,0.8148174096379698,1.0133022114557748,1.1838599879903573,1.3023610423624745,1.3502452668492393,1.3202053902601842,1.217194066626133,1.0566402117478413,0.8646878663493898,0.6729755077911808,0.5110351812761071,0.4013707791269886,0.35030518078095135,0.33878551771314186,0.3387855177131419
1511148049307,2,4,-0.0030914653085054034,-0.29462086665333587,-0.5999913862645543,-0.8930628613080913,-1.14590259628581,-1.3344969986284623,-1.4402492684359711,-1.4542885902854645,-1.3798971892553182,-1.2297349958489077,-1.0255012511655155,-0.7956016893991588,-0.5686815102138263,-0.371104612128435,-0.223845775177467,-0.13725526482843337,-0.11145847758902241,-0.1370408122696227,-0.19442780424537487,-0.2588824925707215,-0.30474529240358517,-0.3073267640673331,-0.24881089248511642,-0.12134268266696129,0.07359364666592261,0.32301190008561953,0.6040425619019112,0.8890084058724682,1.1470769338921967,1.3487504036069153,1.471918376306176,1.502746068717252,1.4379870806814528,1.2872344257972848,1.0692646631745628,0.8099069881656581,0.5400768497997843,0.28910044590018624,0.08134598851080319,-0.06553177578889612,-0.14525424750273397,-0.16266042021289012,-0.1312513811029946,-0.07326262550168658,-0.015036617472854424,0.018456427546540307,0.00521809327340049,-0.06904314504265613,-0.20737301475176895,-0.4032202993887817,-0.6397901026938956,-0.8912841266223462,-1.1288457813475632,-1.3231433962269294,-1.4477275923366526,-1.485178606860646,-1.4280287001997922,-1.2792383200858974,-1.0541555016565602,-0.7766739719584228,-0.47543792083786146,-0.1821289607668765,0.07475649514168098,0.27409778627805587,0.4027398739964448,0.4590441347529301,0.4529312854290155,0.40198185818694704,0.33058040501824515,0.2659913129449589,0.23204048299726798,0.24747605817800356,0.32275614916529277,0.45636215302030675,0.6370269295112934,0.8448407610889548,1.0522274784141201,1.2301676556016319,1.3518633014530348,1.3949802936854434,1.3472989255778611,1.2079016423667526,0.9859039677556867,0.7016822698833451,0.3832618117288209,0.061068581695916585,-0.2338348246956129,-0.4750013990141958,-0.6454135411155733,-0.7372380044598417,-0.7538199050380159,-0.7099970231755452,-0.6272266829183453,-0.5314912226935142,-0.4502103083250705,-0.4056222744763191,-0.41280803530074595,-0.47813951262652643,-0.595878896461398,-0.7505460147848542,-0.9197960625872377,-1.0753885642197458,-1.189102039914534,-1.2374391852802638,-1.202948634877851,-1.078804638711238,-0.8703341701623225,-0.5923032826406122,-0.2689977116009491,0.06887261669275924,0.3904275976480761,0.6667044033091971,0.8745135852773153,1.0014002404702187,1.044836458607147,1.0122578472504347,0.9213181995318653,0.7944954360968796,0.6555879288261256,0.52752486149492,0.42639290766690763,0.35959271623729344,0.3269129194421432,0.3194399628957526,0.3237680361652347,0.32896690677644225,0.33071096747364814,0.3307109674736481
1511148049607,1,4,-0.6367376954100241,-0.47955106477971016,-0.32090185852111575,-0.16946590671799086,-0.03799547117295218,0.058187919250803376,0.10469721024774627,0.0885977805661601,0.00270368150224784,-0.15090075543254589,-0.3622829991655788,-0.6126758697654068,-0.875353972240435,-1.121244704910428,-1.3212344743229316,-1.4493150430842072,-1.488582985810931,-1.432068200762087,-1.2831584126995108,-1.0575373467384366,-0.7793416215126496,-0.4773759436547276,-0.1834159214437516,0.07399748565089995,0.2737327950397973,0.402644802523702,0.45911539865051226,0.453089487234804,0.4021709979741802,0.33076462424171643,0.26615061272151397,0.23216636712901695,0.24756765554122045,0.32281707642886776,0.4563981787086204,0.6370443781731719,0.844845533265196,1.0522245404906347,1.2301608583634858,1.3518554054063372,1.394973104528061,1.34729346908886,1.207898331369895,0.985902733416026,0.7016826453710463,0.38326296892551276,0.06106933215930713,-0.2338360438109151,-0.47500652418243544,-0.645424827737428,-0.7372578704875095,-0.7538506184789545,-0.7100401769130222,-0.6272824066962908,-0.5315571022835872,-0.45028002214624296,-0.4056840250912836,-0.41284295349542155,-0.4781203490647628,-0.5957694891656476,-0.7503022205668078,-0.9193690451386781,-1.0747315017037686,-1.1881813895069113,-1.2362515347505418,-1.2015437693497155,-1.0773146195043102,-0.8690068170545078,-0.5915363382237361,-0.2693670629270377,0.06660095901392776,0.3853163147657026,0.6577133993733428,0.8606408186197446,0.9819191049806102,1.0196518065946145,0.9823943733247242,0.8895374581299337,0.7660081512278014,0.6387836267765132,0.5345793905498087,0.4735364387310379,0.4667303734112436,0.5161968919280393,0.6123131554550556,0.7359622318758973,0.8629817312798814,0.9654742712314683,1.0169392329365687,0.9977917667179963,0.8960998827319598,0.7106507307619786,0.45272626747799466,0.1423988618911855,-0.19286358885684096,-0.5207211110195782,-0.8107203179945369,-1.0370603210123441,-1.1810527126910442,-1.2359165490244606,-1.2060119375376621,-1.1051406555223573,-0.9566699250854114,-0.7883473248398722,-0.627481434915653,-0.4991937901217124,-0.4210031269219342,-0.399824222105436,-0.4333035348185173,-0.5084576934696357,-0.6034483884292323,-0.6931891448705192,-0.75131357336863,-0.7541602130566293,-0.6866066536312944,-0.5424672747883909,-0.3256129444723889,-0.05152438974151219,0.25711774052361,0.5736814136221172,0.8698193150643154,1.1221790037259138,1.3158130529949017,1.444803168338976,1.5153076711641285,1.5433864227331577,1.5492043090321492,1.5492043090321488
1511148049909,2,5,1.554537689943881,1.5439510097143294,1.4881145198898293,1.3724690045006842,1.191040752993796,0.946935392110766,0.6546919329352779,0.337296693339569,0.021198749098644942,-0.2654300952794824,-0.4980637875757685,-0.660818763384257,-0.7464081058055282,-0.7583202172322403,-0.7112872605337993,-0.6265301435686501,-0.5297472252348518,-0.448079865758906,-0.40352344350635344,-0.4109639680354259,-0.4766281548592548,-0.5946781303872666,-0.7495717323699178,-0.9189332466445501,-1.0745170919629183,-1.1881197627428581,-1.2362850002915515,-1.2016278142010244,-1.0774176280266683,-0.8691083644578356,-0.5916248698744434,-0.26943749928106,0.06654937293970431,0.38528176146105425,0.6576928016520616,0.8606307422241471,0.9819163166426429,1.019653566461077,0.9823985389492615,0.8895424672510956,0.7660129371279016,0.6387875063494922,0.5345819531547453,0.47353745430457606,0.46672973125743766,0.5161945767045448,0.612309263424283,0.735957027601607,0.8629757416528936,0.9654684090324209,1.0169349352139105,0.9977911234236188,0.8961057180675391,0.7106665839522729,0.4527562025824437,0.14244702052124483,-0.19279378795775665,-0.5206282191004099,-0.8106066200284668,-1.036934130213203,-1.1809311099792539,-1.2358283252864624,-1.2060002747197367,-1.1052647930166495,-0.9570047106552013,-0.7889791742106335,-0.628498878723318,-0.5006705652931555,-0.4229718098982366,-0.4022388895542891,-0.43599110404751573,-0.5110596994663044,-0.605358254102342,-0.6934946935566091,-0.7487606720299171,-0.7471608129622629,-0.6733224919751839,-0.5210079053465193,-0.29439159328384434,-0.009814463342718238,0.30839277018264544,0.6309164534827543,0.9254904179753314,1.1635060868442073,1.3235274519711395,1.3923550489060343,1.3690050893992214,1.2641282668881701,1.0966280390323944,0.8931320131486925,0.6833502215316645,0.4941810248063849,0.34819560321519183,0.2595675574003283,0.23072154556734034,0.2545460941171749,0.314620086751691,0.38658241595180065,0.4443635152647902,0.4631081638928358,0.4219922059388408,0.3099834356482641,0.1264510829148095,-0.11938716996856863,-0.4071128476144392,-0.7092545389047056,-0.9958242393788356,-1.2360818119547587,-1.404392033703005,-1.484408168408863,-1.468975729576969,-1.3627699877101365,-1.181995656550305,-0.9497152067368997,-0.6943344478630845,-0.44584145742229897,-0.2294064613493972,-0.06394359242583478,0.04008262422650902,0.0836866688537779,0.07634605735960709,0.033607680404364605,-0.024421485099557688,-0.07956979511303543,-0.11951661306493183,-0.13896996481810006,-0.1434494569669704,-0.1434494569669704
1511148050209,3,5,0.5395345602134489,0.4865058469486281,0.4332423225591665,0.3961235634176846,0.390180890916848,0.4249926719565785,0.5033505543227224,0.6175905824417006,0.7510106159804896,0.881835521863169,0.9842534316166449,1.0334262522028888,1.010989749240057,0.9058326978645916,0.7172351533727197,0.45672461372981515,0.1444472913136783,-0.1921630207414889,-0.5208592091150638,-0.8113046348984589,-1.0378166106508715,-1.1818137466675709,-1.2366052940105616,-1.2066234861931986,-1.1057250633736946,-0.9573162906990385,-0.7891680605429491,-0.6285946965241869,-0.5007014741149366,-0.4229617552911521,-0.40220653066167095,-0.43594983173785934,-0.5110182781380698,-0.6053217442505707,-0.6934654243808225,-0.7487391253661297,-0.7471463492363954,-0.6733138970503718,-0.5210037674211897,-0.29439053549148675,-0.009815264451910999,0.30839113404383867,0.6309148160585754,0.9254894533743682,1.163506342059704,1.3235293641644852,1.3923589335578275,1.369011088543317,1.2641362501863094,1.0966374553743425,0.8931416978930884,0.6833581755803295,0.49418419740054786,0.3481897311640625,0.25954713904727184,0.23068005643522568,0.25447657912463667,0.3145162847625205,0.38644057653202113,0.4441850415118994,0.46290314208336525,0.421783742769247,0.3098124965924657,0.1263811933343169,-0.11926644423118199,-0.4066852723554525,-0.7083816841518039,-0.9943579033738685,-1.2338877031011197,-1.4013881206573846,-1.480620577210543,-1.4646135403442486,-1.3583173422537524,-1.1783147963850666,-0.9481470454137929,-0.6967738566661519,-0.4547527887917239,-0.2477317280185381,-0.09484282064618933,-0.0062708039681893864,0.020087348914900334,-0.004020665597076506,-0.05919323539854068,-0.11951299386827992,-0.1588039329734199,-0.1545898821519067,-0.08979571983964266,0.04221797132982408,0.23674451980233052,0.4799322184477861,0.74826528977141,1.0123050152990574,1.24247778093986,1.4109121294123712,1.4961050568133571,1.4875558767313168,1.384922222756064,1.1989755528459036,0.95153409905373,0.6700234206650164,0.38468050073654736,0.12563956847635255,-0.08360146264985538,-0.22812861493335812,-0.30232940538963243,-0.31274828127943644,-0.275421539626324,-0.21217376995099432,-0.14941999517346036,-0.11245993690917172,-0.12062680911101434,-0.18652314840851963,-0.3123635474535884,-0.4889026716437559,-0.6991341030393756,-0.9192514558002427,-1.1220397732706995,-1.2836821000315868,-1.386113428502988,-1.420130094019354,-1.3896049188165387,-1.3093091023287868,-1.2022748524272262,-1.0970741295774595,-1.0184755410280348,-0.9785270693493153,-0.9687646186016112,-0.9687646186016111
1511148050510,1,5,-0.4525081216189393,-0.22952214487494593,0.04519843494949144,0.35115598100446654,0.6615240508217985,0.9454530667408894,1.174966702790516,1.3287351700757628,1.3933504867108173,1.3674645933511265,1.261318056463437,1.0934268991142184,0.8900905846474269,0.680764171763901,0.4921634119843725,0.34674013598422293,0.2585991309935842,0.2301335799986752,0.25422608578374634,0.3144657193491334,0.38651084279420345,0.44431625571909894,0.4630536245734138,0.42192725764990635,0.30993481645914844,0.12647668808014362,-0.11919779605244601,-0.40664027144233106,-0.7083556672485066,-0.9943459269865152,-1.2338852559563744,-1.4013914796241405,-1.4806269150543372,-1.4646208770769737,-1.358324411391914,-1.1783208773054756,-0.9481517955758252,-0.6967771638202163,-0.45475465358839484,-0.24773218129343247,-0.0948418763986079,-0.006268447850337114,0.020091135804282637,-0.00401548364077875,-0.0591868429438092,-0.11950585163256731,-0.15879693192797617,-0.15458451099750642,-0.08979422147719271,0.042212493520530026,0.23672810329625177,0.4799002281148912,0.7482128863878411,1.0122280160885069,1.2423740224064979,1.4107834200291096,1.4959597492543444,1.4874119822576042,1.3848108199234581,1.1989439974768907,0.951648218106863,0.6703674782706032,0.3853532905893297,0.12674457412672016,-0.081974187250789,-0.22593120603373762,-0.2995974836670008,-0.30965546034850844,-0.27234557641617557,-0.20976918797310207,-0.1486868254436704,-0.11479134831326279,-0.12781002334813327,-0.20065878699675316,-0.3356597235552567,-0.5232938680287543,-0.7456743802178833,-0.9772411992768089,-1.1878705388132245,-1.3494314976179094,-1.4379978566790204,-1.4370327992245158,-1.3420424925019785,-1.1593774375485888,-0.905312571729985,-0.6059706094305188,-0.29168657855272595,0.007123872165521905,0.26209145970436487,0.45285477366180443,0.5694945742325798,0.6117184917025736,0.590767338253021,0.5270550981765663,0.4450461882587011,0.37163999231820766,0.331405269940095,0.341037989264226,0.40901327766570555,0.5334412831247397,0.7006267240119071,0.8893151142330635,1.0728538069734634,1.2216357951214276,1.3098274551914664,1.3181732935834254,1.2356344558214079,1.0635428451189146,0.8144072671920662,0.5091808152399913,0.17685534700449498,-0.15080411061703036,-0.4445274413310752,-0.6790425779105,-0.8377890060249772,-0.915633985059409,-0.9166886083492037,-0.8546633795882708,-0.7508129731443451,-0.6278109879184195,-0.5075151096663932,-0.4077698005879348,-0.33739405724443355,-0.2971428716568182,-0.28113633357312207,-0.2778991515180932,-0.27781248531219127,-0.2778124853121912
1511148050810,1,6,-0.11819741645041867,-0.04526743283371915,-0.008536106429419928,-0.011665392148298558,-0.04889543430151977,-0.1062230100740226,-0.16214402555247687,-0.19380155066282154,-0.18101280145784968,-0.1081325748497382,0.030715535841950525,0.23053607664405318,0.4774954786487493,0.7482704015709958,1.0136921321769532,1.2444701863676042,1.4129912593906968,1.497967157041291,1.489063804888658,1.3860605950175677,1.1998132252113396,0.9521948373633092,0.6706634040639492,0.3854698446921332,0.12674419258110609,-0.08204164969345196,-0.2260290897674217,-0.29970109549701346,-0.3097499343353447,-0.2724234685857338,-0.20982820674458255,-0.14872791231714794,-0.1148171901255192,-0.127823991154369,-0.20066424765289181,-0.3356596483039314,-0.5232906587832732,-0.745669841410019,-0.9772365955521662,-1.187866692726603,-1.3494288944801536,-1.4379967346734563,-1.437033211529239,-1.3420443346845845,-1.1593804385608975,-0.905316251227058,-0.6059742087261741,-0.2916889780876111,0.007124228837688651,0.26209660646338245,0.45286718746900056,0.5695170154454943,0.6117536591079517,0.5908172740992483,0.5271202831525428,0.44512428666218073,0.37172425108302765,0.3314826499536915,0.34108722122602525,0.40900319288517967,0.5333299720447237,0.7003623124616571,0.8888391958000821,1.0721087858704492,1.2205775083885053,1.3084443567871729,1.3165130649314385,1.2338379988172532,1.0618840400982008,0.8133344749703555,0.50935275493373,0.17915968817263345,-0.14526614757380102,-0.4345124832441046,-0.6633191424893969,-0.8154033597830757,-0.8863152886980267,-0.8814121350113397,-0.816371536644408,-0.7152607215447786,-0.6044515025559473,-0.5102706832410473,-0.45544194159731255,-0.45335947836359236,-0.5078689722729046,-0.6129501225550685,-0.7513881022655541,-0.8992689370053937,-1.0296839128523734,-1.1146682481509445,-1.1314979943259824,-1.066178072478492,-0.9137056697338989,-0.6812094245252391,-0.3870027504769339,-0.05631033374287875,0.27986960563213886,0.589324508378399,0.8447965485013036,1.0253523744697222,1.1196596479753032,1.1290257122443847,1.0646044743344012,0.9462302453003969,0.800870214703651,0.6561564681455634,0.5370998779753571,0.46378652641904367,0.4460389202159023,0.483048569080669,0.5648680822724816,0.6716241009642137,0.7778212829111684,0.8574696647124234,0.8858132382239963,0.8446422505939721,0.7263068851455472,0.5328227476440033,0.277357370398107,-0.016687663316946877,-0.3214330815542488,-0.6072311504952302,-0.8469165435581003,-1.0230250002487917,-1.1299364685038364,-1.175853093680543,-1.1856223703479967,-1.1856223703479967
1511148051111,2,6,-0.9801923887780098,-1.1936581199896148,-1.3561542321086906,-1.4444523759532697,-1.4425605262484233,-1.3463764588572138,-1.1625073814683886,-0.9073766803831657,-0.6071755157668591,-0.29225315723458317,0.006993399545679346,0.2622302225415287,0.45313660185638704,0.5698321056018725,0.6120572162770406,0.5910778387268931,0.5273249467531147,0.44527233689701734,0.3718220623364293,0.33153990111053766,0.3411143285310393,0.40900974792955297,0.5333239439171727,0.7003497841690356,0.8888244389583937,1.0720945206053814,1.220565238368878,1.308434707175676,1.3165060814223213,1.2338333883873367,1.061881349318057,0.8133332109740772,0.5093524588742472,0.17915997256991453,-0.14526558658359429,-0.4345118692213785,-0.6633186299251977,-0.8154030475230862,-0.8863152315250413,-0.8814123507694019,-0.8163720074454952,-0.715261388596692,-0.6044522551234311,-0.5102713433484773,-0.4554422474335591,-0.4533590710474711,-0.5078673926922099,-0.6129468272937975,-0.7513825099018743,-0.8992605177914573,-1.0296723351950896,-1.1146535933102815,-1.131481044938806,-1.0661606692679733,-0.9136911123715274,-0.6812028655992193,-0.38701149512082544,-0.0563439123193048,0.27979977539206186,0.5892061038953634,0.8446182427825807,1.0251069388642016,1.119348501722353,1.1286650427055953,1.0642328158862229,0.9459170172975129,0.8007241480649656,0.6563320791201586,0.5377991889407601,0.46525214797367626,0.4485335287907648,0.48681496935835267,0.5700637846575702,0.6782251599821818,0.7854926598646612,0.8654043344537725,0.8925504307116459,0.8478872824813101,0.7227913659527931,0.5182642951372262,0.2466010764735524,-0.0692406891787371,-0.40098653332079104,-0.7172141845101901,-0.986951386374584,-1.1861811608321637,-1.2993153363821623,-1.3207189513342985,-1.2575508076756723,-1.1266736683679968,-0.9517290924890951,-0.7617666987118072,-0.584989458892837,-0.44448754022702863,-0.3570156815956527,-0.3285826601331071,-0.3537398540518598,-0.41857224473597987,-0.5008083654237124,-0.5735270820441929,-0.6112878986669195,-0.5919395141938866,-0.5005534760018382,-0.3337491915076549,-0.0982575103162511,0.18917394481071964,0.5021986980782722,0.8107125318412258,1.08422356535274,1.2944463864145996,1.4215127656252273,1.4557394887130526,1.3973795737071901,1.2587522531635407,1.0612210022040152,0.8306381157581421,0.5958589603376325,0.3833134618219104,0.21210308982455303,0.09385883236626004,0.03020116052417448,0.012338308660304099,0.025935806373668345,0.05341456621367949,0.07788821808127494,0.09062709500244531,0.09368419149587026,0.09368419149587026
1511148051413,3,6,-1.0553803865144054,-0.8808222298710301,-0.7091192874348237,-0.5585217257988739,-0.4470031120332141,-0.3898017954700253,-0.3942217468306439,-0.45954900181934955,-0.5766286028737035,-0.726304712974791,-0.8836402018993723,-1.0213527990789442,-1.11152198964318,-1.1317028590900005,-1.068280975274629,-0.9166472184614756,-0.6842845766692685,-0.3897960653942475,-0.05862426247081304,0.27808210681145523,0.5880172575962659,0.8438754184505968,1.0247091617881239,1.1191964623357487,1.1286722861899832,1.064330625502274,0.946055092487873,0.8008687873526444,0.6564631484658708,0.5379067562913001,0.4653333296060694,0.4485898352721383,0.48685025642592794,0.5700827968644628,0.6782325888933969,0.7854926099256477,0.8654000858814099,0.8925443997264799,0.8478810973449726,0.7227859974337457,0.518260199053055,0.24659832224996087,-0.06924231693909216,-0.40098746326589385,-0.7172150124708848,-0.986952844657615,-1.186184088357165,-1.2993206317221107,-1.3207274882664966,-1.2575632918272648,-1.126690414896693,-0.9517497099323537,-0.7617896750760891,-0.5850116649484631,-0.4445036940322763,-0.3570178592031792,-0.3285599906904333,-0.35367860127455547,-0.4184565455985877,-0.5006219603556101,-0.5732564117061821,-0.6109269352132596,-0.5914966057072882,-0.5000602692642907,-0.3332713127614031,-0.0979060790211772,0.18923175440865064,0.5017329585639255,0.8094319919692978,1.0817909393776013,1.2905145959883795,1.4157901160994677,1.4480916447745025,1.3879743540664065,1.2482487932724822,1.0509967227684247,0.8230341749786647,0.5944066734459493,0.39288030783121286,0.2388681668640945,0.14499634012547857,0.11312133759805576,0.13331590027874168,0.1879578934923573,0.253117745242612,0.3015487270956735,0.30933814062141773,0.2581239911663258,0.13746246325455644,-0.0510093085568144,-0.2952252420676687,-0.5746301967165927,-0.8606485826023165,-1.1224551870909871,-1.3315704047681503,-1.4636540383086438,-1.5038797533985804,-1.4491497818398171,-1.3063969049527195,-1.0936316216777808,-0.8373368482304842,-0.5666884003067231,-0.31158697276845293,-0.09828866545251284,0.05610304017472449,0.14363886021946173,0.16674056861036154,0.13930854442152418,0.08205273078752576,0.019640840494582718,-0.021576862715987976,-0.020068268044759696,0.03817570151692051,0.15897379406417295,0.33668768193431114,0.5560207081197523,0.7959631775081345,1.0309629306465864,1.236357122064323,1.3940406074178393,1.4934940483559513,1.5350638528908838,1.5310609877645434,1.50062198355938,1.4657922127526612,1.4447041441954267,1.4392403650747017,1.4392403650747019
1511148051713,1,7,1.2909997466094596,0.9886150959808598,0.6504629202448957,0.28625092023219445,-0.08747032794391196,-0.4502584776769637,-0.7784030622276485,-1.0476505606292803,-1.2393276234128066,-1.3417600295610925,-1.3519370307569967,-1.2785867267042237,-1.139347400385937,-0.9580872965453767,-0.7637401764493512,-0.5842100021182726,-0.4422181728380293,-0.354154359460276,-0.3257077963138144,-0.35117464357885886,-0.41645251934895977,-0.4991450471835935,-0.5722590579299378,-0.610324381855574,-0.591192890673115,-0.4999644962355465,-0.3333063832474348,-0.0980120515584107,0.18909779179395447,0.5015990019884863,0.8093141218273674,1.0816964693217028,1.2904449292339115,1.4157430904336796,1.448063301854929,1.387960164958721,1.2482444238955683,1.0509984429372388,0.8230390143190136,0.5944124155179484,0.3928853968195321,0.23887158343161558,0.14499748689134057,0.11311996116420141,0.13331206571956797,0.18795201796356556,0.25311068866159037,0.3015419283270797,0.30933377595981193,0.25812511715028863,0.1374730876006288,-0.05098430522681574,-0.2951804329542279,-0.5745603019965493,-0.8605496560581813,-1.122326413418105,-1.331416583774734,-1.463488745335166,-1.5037290164017931,-1.4490558896632015,-1.3064216482434192,-1.0938578683438964,-0.8378668884469278,-0.5676370093613647,-0.3130667203678477,-0.10038478482469113,0.053370724337676784,0.14036860047221353,0.1632157973215711,0.13607611398017008,0.08000422489230229,0.020082263827073333,-0.01689018502967993,-0.00896467880401762,0.05813982981829846,0.19020581930013836,0.381029317072546,0.6139439256259718,0.8654553895509733,1.106103581765758,1.3056538247674139,1.4386936903466074,1.4858986250156625,1.4380382931848874,1.2985017967432326,1.0805067557024466,0.8066460916982513,0.5067499323998051,0.21138016895050643,-0.05089484059961036,-0.25656572015986034,-0.39264624334465725,-0.4566268038054712,-0.45584633310924566,-0.4083773538648291,-0.3383060222914826,-0.2713952632947077,-0.23325214401036415,-0.24343700319320022,-0.312020694453048,-0.4400565861925651,-0.6172627357303164,-0.8232151926804271,-1.0323122450750768,-1.2153781807017707,-1.3439188277814744,-1.3963090368304698,-1.358865471923425,-1.2281458590683023,-1.0135101076436965,-0.7337249508394684,-0.4148259774159876,-0.08839786634028218,0.21498546667807567,0.46929569665119536,0.6547083677151002,0.7622878752960912,0.7939617997344741,0.759972584641332,0.6789600384353297,0.5735437397138703,0.46480278356529325,0.37092841470609794,0.30319129652782584,0.2632143426309917,0.24616714380842725,0.2425071477438726,0.2425071477438726
1511148052015,2,7,0.2469785742527721,0.16160502907845745,0.10198212830223727,0.07869612557109579,0.0952846544677306,0.14543627179101337,0.21582213718341678,0.2866805858026762,0.3343615618845495,0.3377903180710007,0.2806673592474637,0.1539191814593448,-0.04000832145035044,-0.28865975513101155,-0.5713785423700236,-0.8596658752629254,-1.1228677077106703,-1.3327111020826945,-1.4650605532909566,-1.5052716735756015,-1.450396972800277,-1.3074863277341562,-1.0946363054240802,-0.8383877321787114,-0.567947570848271,-0.3132193556401487,-0.1004284734869196,0.05339480874054969,0.14042869788749346,0.1632893560096256,0.13614856956042432,0.08006734286692276,0.020132430541270452,-0.016853495687960112,-0.008940153420121735,0.0581544102167694,0.19021293815347828,0.38103132660136574,0.6139428393865353,0.8654528070018618,1.106100695433061,1.30565146991878,1.4386924067297198,1.4858987090003462,1.4380398261585694,1.2985046419929216,1.080510521786842,0.8066500661869754,0.5067529965976623,0.21138071248989931,-0.050898976253251405,-0.2565772283103225,-0.39266821496066395,-0.4566624010687529,-0.45589820039648427,-0.4084466944472618,-0.33839128616543085,-0.2714904324587153,-0.2333446753935525,-0.24350560545822414,-0.31203328015655946,-0.4399689573744679,-0.6170188218266175,-0.8227499431097945,-1.0315585425706093,-1.2142793157598972,-1.3424480567470063,-1.3944973972786088,-1.3568381763470392,-1.2261660355911186,-1.012026209436811,-0.7334146609800372,-0.41662484504593283,-0.09349536820864368,0.2052057867297531,0.45340100878800843,0.6314790477798959,0.7311302577262351,0.7554965315373326,0.7168060701908532,0.6366138072925132,0.541464934135589,0.45730504509354625,0.4078151458213265,0.4096955411270869,0.46876078353386874,0.5813406568112285,0.733529950780003,0.9020360340939342,1.0599666819743268,1.1794651393161018,1.234893262921152,1.2090867904626057,1.0945646436696224,0.8940254758428886,0.6225544757809515,0.3040953280411428,-0.03238712640929564,-0.35450356601023636,-0.6325650287380227,-0.8440555317884837,-0.974324839771508,-1.0202425396371606,-0.9906451219227361,-0.9025583051813122,-0.7803919877869752,-0.6522723251330547,-0.5436222735394689,-0.4753435917516433,-0.4606286216419649,-0.5009763233042663,-0.5881477687648347,-0.7052883429132744,-0.8276921549783178,-0.9289486521822959,-0.9848575814576542,-0.97568436243397,-0.8919114781604496,-0.7356908651510882,-0.5193702393447223,-0.26633266840725717,-0.006804744511834382,0.22878860127601713,0.4134338926877301,0.530982172240095,0.5838761123150384,0.5957457288776242,0.5957457288776242
1511148052315,3,7,1.0464250146575549,1.1610857615474117,1.2877514776867098,1.4001043348931654,1.4717710838718312,1.479781370503365,1.4101545171070882,1.2614643411695472,1.0426527957536038,0.7728591368906494,0.47934543305789784,0.19092152455334832,-0.06491798067091248,-0.2652194348988912,-0.39718831178833275,-0.4582745609523631,-0.4556478576991895,-0.4071571549886307,-0.33665969309372784,-0.26971254887904395,-0.23175324020446034,-0.24221188534091742,-0.3110654776875257,-0.43930421238303957,-0.6166077005400197,-0.8225336805659458,-1.0314800589600632,-1.214289338569806,-1.3425076996351257,-1.3945783956624767,-1.3569217492518526,-1.2262410948430928,-1.0120874082788716,-0.7334605838091336,-0.4166564946223751,-0.09351500465589974,0.2051954656948966,0.4533973926666281,0.6314799040469545,0.7311338501804416,0.7555016205970828,0.7168118385523528,0.6366197428797618,0.5414706922453942,0.4573103042655997,0.40781946785609074,0.40969824504110797,0.4687608459873255,0.5813366572831783,0.733520087769069,0.9020182476669647,1.0599389261835093,1.1794258525940124,1.2348420817379047,1.209025536373821,1.094498580504257,0.8939647757563446,0.6225157442010524,0.30410291404823986,-0.03230046593038649,-0.3542972656853584,-0.6321933891926874,-0.8434734503477535,-0.9734976685857929,-1.0191610759160223,-0.9893464093260288,-0.90115221640984,-0.7790923295705421,-0.6514293289189359,-0.5437507186221986,-0.477137450419453,-0.4649491693512028,-0.5087965073437603,-0.6004319918245133,-0.722784832813898,-0.8506163985516768,-0.9565431396636789,-1.014827977454371,-1.0035380979202315,-0.9102644118169941,-0.7336630361800887,-0.4822629337765518,-0.17586292852931149,0.1577380180419743,0.4880211218669368,0.783506287804728,1.0168929758094736,1.170154814355259,1.2344943185269894,1.2123942883082575,1.1183019087854151,0.9739293360193753,0.8061161198633371,0.6439305123200971,0.5119701299375083,0.42808928472830543,0.4017982413348987,0.4305772819419055,0.5018442216146667,0.5957719733213931,0.6860420635067044,0.7455377628299352,0.751224437852843,0.685503910621244,0.5408348308308943,0.32164565263193656,0.04177452104152041,-0.27535964936303636,-0.5995256375811561,-0.8999451394178465,-1.1475023382500829,-1.3185352430478874,-1.4000849934070079,-1.3894275736015174,-1.2942020424946508,-1.1330198272945289,-0.9303327492034719,-0.7128268693950939,-0.5072728019563627,-0.3343548422377477,-0.2061724711384581,-0.1267238488850323,-0.08990926990120666,-0.08238245410110384,-0.08929015664074288,-0.09700333962004098,-0.09950007425452709,-0.09950007425452709
1511148052615,3,8,0.9680913444095645,0.845216679528903,0.7112511146682003,0.5770310973022303,0.45800648641553093,0.3701405902708222,0.32896709222573906,0.3450684964992993,0.42003959448009714,0.5475855670079509,0.7124067961658048,0.8906895942788343,1.0555846412190983,1.1795970099718984,1.2375906152500762,1.212924318409597,1.098590530494349,0.8976773250300869,0.6255656619669061,0.30640700366578344,-0.030700600531003985,-0.3532933620728701,-0.6316518904220808,-0.8432622811216246,-0.9735014288336731,-1.0192877648134187,-0.9895284816579066,-0.9013442588728559,-0.7792670752751759,-0.6515731956461528,-0.5438596085296337,-0.47721320338969253,-0.4649968168113174,-0.5088223148823107,-0.6004421892531584,-0.7227848908602166,-0.8506107054293259,-0.9565349447494047,-1.0148194930334715,-1.0035306764661582,-0.9102587412623864,-0.7336593169141824,-0.48226101795157145,-0.1758624149224866,0.1577377310994934,0.4880208161221188,0.7835069224835011,1.016895683268543,1.1701608700504615,1.2345050573551593,1.2124109364714344,1.1183252998960351,0.9739594843308483,0.8061516351150452,0.6439678631572817,0.5120027998847743,0.42810691958457797,0.4017859616183502,0.4305154279253321,0.5017089062530983,0.5955369278184293,0.6856823498215013,0.7450359636461126,0.7505798702715599,0.6847451839491805,0.5400356085156477,0.3209427057775205,0.04138600554531369,-0.2751193410350842,-0.5982400914449084,-0.8971071366698926,-1.1425523472511294,-1.3109393900625348,-1.3894655301853867,-1.3757575617885318,-1.278071267403619,-1.1159692896799351,-0.9152388028121097,-0.7042916628126118,-0.5119442092498854,-0.3610567890314297,-0.2656777730806654,-0.23095172977918207,-0.25028818189235735,-0.30710058962807224,-0.3791822239150262,-0.43992025996036865,-0.46321112920443575,-0.42916755096126047,-0.3250096303871091,-0.14815736730462647,0.0916189256793587,0.37566696313531966,0.6778158755018644,0.9666123159033678,1.212029516421902,1.38841996996431,1.4769240443959806,1.4704515625604744,1.3732645072343195,1.1993116308001703,0.9725497167090178,0.7220036240249808,0.4768006305580095,0.2644024465557284,0.10517376121891339,0.00899427619746471,-0.023600606027785027,-0.0029188282933656218,0.051252332171690784,0.11514140215959187,0.1629635812532742,0.1706985734645157,0.12205356505732812,0.009068845058487318,-0.1667974792627992,-0.3928672514505992,-0.6494180044075979,-0.9129865529976112,-1.1583912295592085,-1.3652427063177786,-1.5213471188192589,-1.622898125167681,-1.6769317480566908,-1.698514830580524,-1.703681097348306,-1.7040513807372923,-1.7040513807372923
1511148052915,2,8,-0.8909235312006243,-0.9082979051669033,-0.8428910475157863,-0.6903597874313241,-0.4579661822031003,-0.16538841668397172,0.15902273590181298,0.4838768025894046,0.7767428450081331,1.0094379872501658,1.1631985626183208,1.2286613455706301,1.2079095515089162,1.115133841963716,0.9719024007272137,0.8049922289852709,0.6434626978023132,0.5119337377729574,0.4282964834305055,0.40210128074427376,0.4308651590009243,0.5020364898148064,0.5958125492510125,0.6858951197914676,0.7451871613839425,0.7506776065164147,0.6848005183003425,0.5400599669028336,0.3209463537585976,0.04137731077623985,-0.27513410466211885,-0.5982566048086221,-0.8971227202110179,-1.1425655815037166,-1.3109497436822033,-1.38947303562448,-1.3757625559617463,-1.2780741997753042,-1.115970591747057,-0.9152388093744634,-0.7042905752236434,-0.5119420927348028,-0.36105359907058765,-0.265673408897134,-0.230946115375048,-0.25028137614073986,-0.30709292594482834,-0.37917447629132695,-0.43991382494179987,-0.4632082021847458,-0.42917125966081193,-0.3250240689434638,-0.14818745232936803,0.09156787766593505,0.375590054564905,0.6777099656332195,0.9664779834635381,1.2118737010174518,1.3882592447605995,1.4767883055928661,1.4703876750601568,1.373339113255633,1.19961191429841,0.9731804474203519,0.7230783377568338,0.4784244358745344,0.266643833486802,0.1080231358953648,0.0123080270725351,-0.020169571032228824,3.8637579824474244e-7,0.05267067111489003,0.11364922122139168,0.15671280353022776,0.15746311534680518,0.09941349436742047,-0.025228360443838638,-0.21424257138421932,-0.45331284889119594,-0.7198939046941061,-0.9862252184497805,-1.2211561653191367,-1.3966623831011349,-1.4916062984272864,-1.4928249185625733,-1.399231204150318,-1.2216132611245305,-0.9793158436676705,-0.6998008989254979,-0.41424868830567046,-0.15151380671795267,0.06353123913593323,0.21407392235188297,0.29508479380817365,0.31138045591678726,0.27746959727864784,0.21652534608709426,0.15428494058317818,0.11599790202878683,0.123703916539044,0.19032367711622367,0.31868649237233504,0.5020029727802365,0.7222542847890301,0.9539849022914096,1.168860443578351,1.3373377435110474,1.4344062054063542,1.4440477688990598,1.3592649931751657,1.1847895784543072,0.9371577825822319,0.6401471467539092,0.3232376680909963,0.01803294202153602,-0.24830789181129764,-0.4548207004079897,-0.5890393260120039,-0.6504527453047765,-0.647953390347817,-0.5975956252200808,-0.5214211646302727,-0.44114045219305376,-0.37390400196195717,-0.33080310981196426,-0.3123754643874057,-0.30856187166985194,-0.30856187166985194
1511148053216,1,8,-0.5808484623741615,-0.4675924630135999,-0.3596861441648672,-0.275515733991302,-0.2286848586475763,-0.2262597840523569,-0.26470002686323724,-0.33075140060705077,-0.4053024630659687,-0.46432885282813424,-0.48371451772509033,-0.4449766997821809,-0.3362371340121125,-0.1554206789609156,0.08748599794596656,0.37380632719468865,0.6774592432972049,0.9671373420487696,1.2129764990063756,1.3894844686607257,1.4779370046388054,1.4713548079229568,1.3740861342570923,1.2001430688462122,0.9735240370418115,0.7232730828267199,0.47851039878191837,0.26665704740115737,0.1079930043946195,0.012256626012985165,-0.0202270160141586,-0.00005363203337946376,0.05262511282411034,0.11361400762424835,0.156687786011218,0.15744699459753236,0.09940446228429753,-0.025232194994717683,-0.21424293304093883,-0.45331117833431034,-0.7198913315875094,-0.9862225890932371,-1.2211540964154908,-1.396661319801185,-1.4916065605037006,-1.4928267230029149,-1.399234655889639,-1.2216183066068753,-0.9793221851929041,-0.6998078721918385,-0.4142551121242041,-0.15151782339153297,0.06353230123368417,0.2140836158208931,0.29510748123782926,0.3114210129158114,0.27753278413048765,0.21661473395609826,0.15440128665096875,0.11613690456904288,0.12385335906582673,0.19046010489589627,0.3187717683729003,0.5019813426912667,0.7220509415621913,0.9535074624830406,1.1680051878461923,1.3360028536044428,1.432514425997225,1.4415807572068866,1.356310858910026,1.1816034783520162,0.9342326083497599,0.6382870414358116,0.3236211251034121,0.022244587429744223,-0.2383067035473091,-0.4368217386751115,-0.5608652111158048,-0.6104343021543617,-0.5956551128192873,-0.5348219233863737,-0.4535017038448306,-0.37843338621750056,-0.33336501635106497,-0.33734161386906647,-0.3995569371259327,-0.5180246323100078,-0.6816365678628084,-0.8694676613189325,-1.0541486921748593,-1.2076600054195206,-1.3031873091505148,-1.3196684645628691,-1.2466901032800468,-1.0838626772001478,-0.8418079855263972,-0.5424241056662689,-0.21361692474291155,0.11358365489508132,0.4077936153218763,0.6438875803501637,0.8052709597331127,0.884657013618886,0.8871615219849321,0.828014394280636,0.728868689930201,0.61671773550134,0.5183402458717681,0.4551843955462205,0.4424414443961433,0.4852600890572683,0.577189597817749,0.7035993239697028,0.8424789642929174,0.9674357680512908,1.0544484637862968,1.0843783854974045,1.0461130241750247,0.9412625522493905,0.7827260404374061,0.5927414013567005,0.40134119248185957,0.23840478862102585,0.125980194761051,0.071980769455742,0.05942124552200634,0.05942124552200634
