1511148045399,1,0,-0.018630070113614727,0.15089899977325255,0.3178813482619418,0.4700440133128445,0.5912487825676963,0.6653038043256883,0.6766806179562398,0.6135468415392877,0.47278791655148567,0.2596504804414041,-0.011836138713232358,-0.3178825943765087,-0.6297236961443949,-0.916969630616241,-1.1496362486505363,-1.3043841800935938,-1.3673180035410744,-1.3340598039171565,-1.2125896159109832,-1.0215280793827284,-0.785767470989872,-0.5352447997903625,-0.2999884770882144,-0.10433453159462219,0.034069885524685026,0.10748519982366035,0.12037802759513021,0.08610345283475425,0.025682677499958256,-0.034301357593105736,-0.06830713938809937,-0.05471143830018188,0.02183704010527837,0.16546351503188717,0.36949070520774385,0.6181060252421418,0.8860356086155465,1.1434815548685144,1.3611006770427951,1.511793157249328,1.5761630222726348,1.5459465853450973,1.422904649061217,1.2203386490447785,0.9617225479417596,0.6751578980709624,0.39129798706264357,0.13940547136451464,-0.05885350917201092,-0.19033419789607148,-0.25188155831028675,-0.25257432272666874,-0.2100107990021236,-0.14742610505939907,-0.09197882883438958,-0.06831619198131375,-0.09485813488532108,-0.18272997470629923,-0.3316555716549964,-0.5301295797918866,-0.7587032748162991,-0.9903879172158002,-1.1950171483864742,-1.3452689480170656,-1.418307852880492,-1.399851872571416,-1.2878937312476149,-1.090756203239387,-0.8269154682630168,-0.5239390528804699,-0.21232520268179295,0.07763886575232923,0.31870807088867004,0.4927219124053357,0.5917275069193011,0.6176557608591529,0.5840780707390028,0.5125453000994675,0.4281289229096294,0.3578204395375461,0.3248253061752725,0.34409595399550297,0.42226932690327224,0.5549026295639385,0.7263237599402079,0.9141256637845565,1.090652452147951,1.2265478698196695,1.2973383773126148,1.2852500419606274,1.1816275816405002,0.9905674042078874,0.7265871977591286,0.4126219489483125,0.07907379541131054,-0.24236395744860215,-0.5229722982846842,-0.7388354250982847,-0.8761204699791443,-0.9325495249382352,-0.9154755332596609,-0.8426992171243752,-0.7392005158568826,-0.6314135340116329,-0.5454067337963852,-0.5023420676046595,-0.513545984679401,-0.581076809568372,-0.6966642161452761,-0.8413529003510876,-0.990676170275581,-1.1174475121892185,-1.1944316064204594,-1.2008576491944236,-1.1245865187930693,-0.9627592893168766,-0.7247412345517297,-0.42965654683265253,-0.10248782638625578,0.22722399949553326,0.5311279307476867,0.7873046721542386,0.9811652271524264,1.1089578903861537,1.1786884831118518,1.205575272633014,1.2095325679377145,1.2075749196973906
1511148045701,2,0,1.6089740068498002,1.5079781810111934,1.3575695445596507,1.1554411381941199,0.9076340305485344,0.62939898932429,0.3410469385122616,0.06662231750209927,-0.16975078940742572,-0.3500850898781722,-0.46363590909309016,-0.5086266279218163,-0.4947627377214192,-0.43976270976192255,-0.36667661034784393,-0.3023249360548282,-0.2709694724392803,-0.2906637272938266,-0.3722213997187844,-0.5151235363529469,-0.7076905692228643,-0.9303598027460402,-1.1560767695864498,-1.354644953366972,-1.4987362087580063,-1.56552347755196,-1.540740508264257,-1.4223980881039247,-1.2188362242145208,-0.9485457876344892,-0.6391057770501118,-0.3210226878837039,-0.024589148912483733,0.22294662248853025,0.403422670974078,0.5088857950340167,0.5412672707473306,0.5141392113125357,0.4490533066367094,0.371081817821766,0.30721691385143174,0.2806645726712444,0.3063776065720427,0.3909932276142416,0.5300688348968984,0.7079324907074833,0.9021773175908662,1.0851476527565165,1.2274875428560172,1.304723835760066,1.2990830572298997,1.2019104064890014,1.01730270292177,0.7597778281330247,0.45227053215911195,0.12518200769520685,-0.18979642801046914,-0.46394915874753834,-0.6733655230080993,-0.8042197625678292,-0.8542430262723858,-0.8307988159286663,-0.7516988241259148,-0.6419323879121077,-0.5279383080043627,-0.43578057213185667,-0.38660161672187693,-0.3916862462617088,-0.4530212846834971,-0.5622278206405344,-0.7002000283432211,-0.8422790587984869,-0.9610538206209636,-1.0290548146489502,-1.0253092095018748,-0.9375740308199372,-0.7630791943055351,-0.5115959403767054,-0.20312211761417764,0.1358536648335995,0.4734972643627421,0.778271814206894,1.0241821331791072,1.1918636695744675,1.2725671134412424,1.269956978553775,1.1969595948287617,1.0752456536432693,0.9325178278420605,0.795999175162146,0.6900738901962447,0.6331402553330934,0.632646850451063,0.6858759130266138,0.7807234083914045,0.8953933779229404,1.0036923205911028,1.0791933919393455,1.097219257939238,1.0407621691715432,0.9032308510230891,0.6877083804215316,0.408971048517708,0.0914728722296893,-0.23579572115382008,-0.5409808535852372,-0.7940450485676543,-0.9726302076685798,-1.0627336987562372,-1.0610027281412209,-0.9766540491842759,-0.8275879779114098,-0.6383214261495975,-0.4378823655328802,-0.25322074698198005,-0.10627745977609293,-0.01249268613013127,0.023361901576218425,0.006171806264145596,-0.052409149224126816,-0.1343543794910843,-0.2202974642740536,-0.29470378655378227,-0.34673131650853617,-0.37357246747759365,-0.3812572891700363,-0.37923251774994193,-0.37474607672266735
1511148046002,3,0,-0.16832180409451855,-0.14847851314092414,-0.12137441009977426,-0.07167663868656757,0.012811547421058112,0.13923902832328627,0.30548944559147884,0.4989800555729859,0.7004610142518346,0.8850943658098867,1.0258094565300717,1.0998389783561462,1.0905782663729415,0.9900929931574567,0.8028567529382463,0.5435217534200572,0.23500179543504768,-0.09240950504897222,-0.4071652473935109,-0.680698076603466,-0.889230035016331,-1.019043237024721,-1.067949524358571,-1.0433678204596601,-0.9631440919006722,-0.8522857031993027,-0.7372379962799092,-0.644064122817681,-0.5939015487101227,-0.598028330368406,-0.6584243320096161,-0.7667043949971564,-0.9037576033949125,-1.044921291253495,-1.1627817366427418,-1.2298678032050017,-1.225205784566016,-1.1365523681782177,-0.961137473416757,-0.7087325326336971,-0.39933566418077804,-0.05943575414589164,0.279132807534923,0.5848329457193235,0.8316692977910936,1.0002771295563269,1.081906908398619,1.0802228400793805,1.0081508160582742,0.8873609220589632,0.7455550410924531,0.6099552750248123,0.5049447693366427,0.4489208145068913,0.44933130815300454,0.5034584912384843,0.5991995304411535,0.7147615079762366,0.8239565362295946,0.9003666960663763,0.9193274866258767,0.8638481213950198,0.7273579425367469,0.5129627057288246,0.23546023923342513,-0.08068038699131669,-0.4064681297480149,-0.7100737729064961,-0.9615233878908217,-1.138576898935391,-1.227419956464224,-1.2249711418239881,-1.1408066868037812,-0.99326482914043,-0.8073456452959289,-0.6125382372339743,-0.43611905582370114,-0.3000528207377279,-0.21927132868574944,-0.19721687147323447,-0.226521883469692,-0.2915605953505707,-0.36856816439291723,-0.4305607386324483,-0.45270271150388186,-0.41385965695351135,-0.3013528202243576,-0.114135163077492,0.13907932447841503,0.4392634770921933,0.758696209227927,1.0670310322845846,1.333814838712553,1.5320053274791547,1.6439828063861166,1.662185807829083,1.589568902372101,1.4413083833996103,1.2406705705199457,1.0152833810248858,0.7953229743284878,0.607237000744582,0.46987450577554357,0.3940248593280907,0.3790182212443866,0.4131215748290732,0.47757638829960314,0.5475344173678238,0.596240683779053,0.601220048814472,0.5456992163558357,0.4217507432047759,0.23352975583379937,-0.005415395464474171,-0.2734958510148176,-0.5425915200941451,-0.7846724045373017,-0.9755186994662173,-1.0971424007181132,-1.143257111122095,-1.119713178819149,-1.0423088695276044,-0.9363764031224613,-0.8306160784082857,-0.7488137523593728,-0.7041308227927332,-0.689155070308785,-0.6837442515324463
1511148046303,3,1,-0.7391718738459525,-0.4392160886738843,-0.11888536627935595,0.1962834402760026,0.47882740412005464,0.7050607905494677,0.856638813591425,0.924969324366876,0.9133598895013023,0.8341274122727598,0.7082610941990327,0.5628222437315196,0.4244922809924559,0.31723579797368756,0.25915179123565196,0.2574946420032988,0.3094364104472329,0.40282512391490366,0.5158596546347268,0.6223683846368493,0.6959617677667231,0.7120072244790854,0.653544101612765,0.5140272375445657,0.29658216701436546,0.016020845224292535,-0.3031784684347998,-0.6320194768692164,-0.9386705986050468,-1.1931574807621972,-1.373240787270015,-1.465107486006124,-1.465677646920873,-1.3845289067171935,-1.240000687243458,-1.0570939754656443,-0.8652985127931982,-0.6918911535844735,-0.5588368362683489,-0.48106744819209035,-0.46202529950632376,-0.4943428227068106,-0.5623942735871614,-0.6424149033391375,-0.7074210579572953,-0.7325774587804013,-0.6967501488840787,-0.5872609721835769,-0.40306357242411195,-0.15287260973702,0.144284252246486,0.46068584110028465,0.7659863213021427,1.0297343940257253,1.2248912038476585,1.3338426366215816,1.349035352743162,1.2734347954596545,1.1222306417823664,0.9187041746891949,0.6904979028612013,0.46779888306975675,0.2770569532045407,0.13710771730656382,0.058702683834092134,0.04109951462490945,0.0724474908444481,0.1338162010537607,0.20012702036561136,0.2443407680298784,0.24366366542113624,0.1810102941192369,0.04821758837186205,-0.15061250824529726,-0.40165592313521953,-0.682532679355536,-0.9635988872930732,-1.2143424863807335,-1.4069103973788066,-1.5184343001499088,-1.5365937901256925,-1.4604549288063446,-1.2991407473481165,-1.0728914531961036,-0.8091360679013994,-0.5373101275979744,-0.2871016218984386,-0.0831227707166406,0.05958768640578507,0.13510783249007138,0.14854214572415222,0.11594446348386916,0.05927421414226147,0.004331879098794761,-0.022525558315558473,-0.000910276223323736,0.08190807286002441,0.22949359793857121,0.4331376321472741,0.674610762040796,0.9290888019703841,1.1663405586573534,1.356845471020707,1.4763139786244994,1.5069857806110356,1.4421602173416603,1.2873431153687045,1.0574048357881567,0.7765779682202008,0.475056347840098,0.1827884770563966,-0.07247406550644109,-0.2690732722696428,-0.39608437457126855,-0.4521601570475374,-0.4454539028506076,-0.3934848766951046,-0.3174627501077067,-0.23883974440619626,-0.17700828877487707,-0.1434531020972756,-0.1404527057207308,-0.16261091869985875,-0.19655967741731412,-0.22642105412264263,-0.24195637299446227,-0.2441894504269012,-0.24179282703056898
1511148046603,1,1,-0.4848574490106106,-0.4203952380836181,-0.404122342105925,-0.4331523880268666,-0.4951578219730309,-0.5685977842039551,-0.6278293316686648,-0.6486902559958004,-0.6102557573163285,-0.499765460834574,-0.3159333751668324,-0.067172871231378,0.2277889698378731,0.5414951371119947,0.8438113972578088,1.104442527510775,1.2964551722946989,1.4022990426158093,1.4144530527545556,1.3358929114010551,1.1818047083449437,0.9754586169515449,0.7444830492240468,0.5190509396921873,0.3255996816232431,0.18295488879865163,0.10186068559297827,0.08156973076184734,0.11022826870891604,0.1689043436707623,0.23251882765840118,0.2740326937599739,0.27065267416446925,0.20529400250085744,0.06979426470458677,-0.1317440263091228,-0.3854963486022283,-0.6690824029710453,-0.9528580922817185,-1.2063112396413285,-1.40158871141093,-1.515822163264833,-1.5366911642512944,-1.4632617152057599,-1.3046567216329337,-1.0811161729159648,-0.8200687594771535,-0.5509495650772214,-0.30344601839559826,-0.10216971455424477,0.037841205368727704,0.11066524635940003,0.12140690882941786,0.08611934856135617,0.02676022685524545,-0.030873264873846,-0.06042939972964554,-0.04152794054213817,0.038551403066890616,0.1833604756510422,0.38417706098497806,0.6227587863485488,0.87427223986377,1.1084854307849596,1.2958918498173613,1.4122389224898695,1.4398355649377834,1.3720920331033826,1.214674556579404,0.9826666259177878,0.7005613237093948,0.3988411138665775,0.10773189659372279,-0.14481481421987627,-0.3371177438618145,-0.45854146386896966,-0.5085122612691467,-0.4966388731860618,-0.44278017645058537,-0.37153730941821156,-0.3088783943906589,-0.2797279349318257,-0.3017182145137256,-0.3830643649856362,-0.5227002490653581,-0.7078854840767697,-0.9167893999073468,-1.1230001204274775,-1.2969401801942613,-1.4112066090336242,-1.4458934477616376,-1.3891915866076305,-1.240432099567207,-1.0114950397831757,-0.7229030141559029,-0.40241411157513246,-0.08223429474662589,0.20774659665307987,0.4425107823251729,0.6044013388695681,0.6876939609657395,0.6974717718921863,0.6478849889379229,0.5620590919640592,0.46667396653679266,0.38729952981503735,0.3466633766962476,0.3592710900513037,0.4288069897218044,0.5496663048469334,0.7057575422985777,0.8727093670763171,1.0236008696588945,1.130967399179817,1.1710278732515453,1.129416047884731,1.0014168544130284,0.7931440240519848,0.5228301881912998,0.21614561927466858,-0.09711430231418003,-0.3857018050050881,-0.6241433429296717,-0.7966194244579882,-0.8986185082488339,-0.9412447241664512,-0.9503744799157978,-0.9506861093970558
1511148046903,2,1,-1.2212622125466266,-1.2705138405296326,-1.279371843733613,-1.2313955203874567,-1.118908602321603,-0.9435943841410835,-0.7187443286516463,-0.4659530733479451,-0.21016045241401182,0.02213418573849979,0.20837493968724502,0.3346829922667747,0.39564269236469707,0.3964286369368447,0.35290553349882303,0.28671675391549356,0.2233106171882082,0.18871192635155715,0.20302576603131214,0.27875996234564815,0.41931533968650114,0.6158720293985522,0.8501323432936525,1.0972384858881852,1.3269547612332646,1.50978326942255,1.6214860830481146,1.6443884761404939,1.5719160844034596,1.4097481125055515,1.1729780904638163,0.8861062515769951,0.579619694682134,0.2837469547274328,0.026440716035918382,-0.170617557008724,-0.29679283112730526,-0.3515120748138383,-0.34438478555235896,-0.29527054877556147,-0.22877108838345173,-0.17085496039038922,-0.1464469497069487,-0.17317948565240118,-0.25926773744408227,-0.40364552987725605,-0.5935724050701401,-0.8072176237208928,-1.018169296457748,-1.1968500582109578,-1.3158572178104468,-1.3552853427469116,-1.3033261628181876,-1.1593119519020831,-0.9351243313643871,-0.6512877831959125,-0.3355624088203953,-0.020155998771896666,0.2650404853272247,0.49500960651347997,0.652097266186277,0.7305857169632195,0.7355697740702101,0.6812178492986518,0.5906811462770194,0.4906730206225163,0.40680336712935483,0.3618427499501867,0.3703359637850612,0.4359918105460796,0.5531992326364108,0.7058081639186182,0.869309840505674,1.0165372434279085,1.1196416618703733,1.1542978086338818,1.1054298535564033,0.9674731570341341,0.7456253523966643,0.45727829320181307,0.12756816685460515,-0.21359800657545436,-0.5337592826561111,-0.8045633159946437,-1.0050112034658332,-1.1224854376289024,-1.1565780839850164,-1.1181229573802187,-1.0257578607326527,-0.9052983755455511,-0.7848669072972043,-0.6891704314870464,-0.6381280011927679,-0.6428277597783263,-0.7025687694407525,-0.8073475911315009,-0.9381713647270674,-1.0687824907466206,-1.1720126252130045,-1.2225873258741802,-1.2000492760949255,-1.0943660970278815,-0.9061964531291746,-0.6462785484180755,-0.3365313439722215,-0.005583191656414632,0.3157135498195424,0.596129818359175,0.8100017999565432,0.9411171252000519,0.9824955825785224,0.9389411124588929,0.8263642248785379,0.6670198762768966,0.48801444040665193,0.31736579676165827,0.17778192463272174,0.08551225648771671,0.04823690303396433,0.06243524317937804,0.11679976079599869,0.1947197393850894,0.276079790875363,0.34389005721442084,0.3879159371091117,0.40566580155563187,0.40571367498273264,0.4006584433613511
1511148047203,2,2,-0.46308981263049165,-0.23878360076349192,-0.04936276981513921,0.08662940109226519,0.15390398793530535,0.14457888161573215,0.05908667280789598,-0.09452780142339429,-0.2983397585493106,-0.5269853723921025,-0.7518909079855594,-0.9423633607876646,-1.0706186613040944,-1.116837206177987,-1.0695544764775586,-0.9285533729209968,-0.7061735035653769,-0.42334668691840704,-0.10816247822312308,0.2069260622419175,0.4918604177702906,0.7215202854944581,0.87819816171989,0.9561576864631454,0.9604972655755197,0.9054012173773182,0.8140418163874362,0.7131539293401126,0.6283666377656408,0.5824660596999833,0.5900085950674904,0.6547109941743985,0.7709670965733295,0.9226293950238666,1.0851900352967485,1.2314818512651389,1.3336553938204319,1.3673843831230985,1.3175919641775404,1.1787125699168883,0.9559430645616096,0.6666747057494212,0.3360432458897455,-0.006044593326699821,-0.32712805439794324,-0.5988548856652572,-0.8002261909741692,-0.9186243752806864,-0.9536412997776569,-0.9161104243137067,-0.8246690058179917,-0.7051318515741531,-0.5856203445547055,-0.4908402062078526,-0.44070908291365507,-0.44631373012479186,-0.5069521379155923,-0.6126205644708758,-0.7443272475299977,-0.8758178947619794,-0.9799306271005146,-1.0314016186890713,-1.0097891856423675,-0.905082057918541,-0.7179651426672801,-0.45920635283219025,-0.15075419606112883,0.17873987868060293,0.498416470998691,0.777068914813895,0.9891023972310253,1.1184403327841372,1.1583262869111766,1.1138945515562368,1.0015026873654702,0.8439626794032091,0.6690132456011582,0.5053038242513264,0.376040766254838,0.2976358470657467,0.2773122835382651,0.3101092302455049,0.3818666161262373,0.4712563147468597,0.551181621032707,0.5951848383606686,0.581208204318303,0.49330175473987936,0.32654177754088143,0.08753782723785519,-0.20788433803040024,-0.5343324099940224,-0.8609318081027888,-1.1570760386496108,-1.3942365352714727,-1.5507267118922816,-1.6160519073031463,-1.589853434923048,-1.4828286301742692,-1.3163325714218868,-1.1167957809822677,-0.9130303028137585,-0.7331867499356293,-0.5983362621887673,-0.5208623666317247,-0.5038148207663434,-0.5383202997025551,-0.6066258528002606,-0.6858148845867782,-0.7491363922495924,-0.7718576505408828,-0.7358551024951214,-0.6302471526525858,-0.4549455136989059,-0.2212876701059192,0.051858951207483406,0.33913727300976637,0.6123784027354139,0.8473264112757022,1.0257263791548241,1.1383094932030942,1.18848529841206,1.189511145648925,1.1614206903066688,1.127608337987963,1.1049122488182044,1.0946474942946391,1.0886697735814899
1511148047504,1,2,1.2046244874207452,1.0551808745721465,0.8392178436214941,0.56661656258647,0.257020046431891,-0.06334150492106058,-0.3642007207967009,-0.6182845171329472,-0.8049042304902354,-0.9112739107454458,-0.9365624970147515,-0.8910850636742245,-0.7929677923696852,-0.6675798477993526,-0.542687928932161,-0.44273778672771413,-0.3874726177398569,-0.3878747240428844,-0.44319034005263575,-0.5434004213048352,-0.6695206626658555,-0.7953164008718687,-0.893650021326546,-0.9392817161526242,-0.9117907999298597,-0.801182751434464,-0.6081547799868956,-0.34348307378667775,-0.029121112380601263,0.30627717534015436,0.6318516363039864,0.916395932519508,1.1343161586092239,1.269536857931407,1.3153027129258132,1.2767489872662816,1.170234008020412,1.0185703111920676,0.8494969708197176,0.6916636239049206,0.5682767075092733,0.4957480174287363,0.48130077091467033,0.5199741469273391,0.5976081642190867,0.6928748894063566,0.7786779451658012,0.8285601172251061,0.8204642800083354,0.7384412284847776,0.5775680522189759,0.34445500452163014,0.054928210287058285,-0.26562031510653705,-0.5863173747566359,-0.8765594712536026,-1.1078232187313186,-1.258429934935983,-1.3178959562107329,-1.285876686644615,-1.1730859987955555,-1.000896317635908,-0.7957533011258222,-0.5864771179831432,-0.40121259719546465,-0.2610020729529029,-0.17816617589430456,-0.15564550965892363,-0.18439979893394826,-0.2464433085990695,-0.31856056445044983,-0.3736489326498531,-0.3866055564153108,-0.33898177382885325,-0.2197171755326746,-0.028836817376932417,0.22172320047237493,0.5117764472550308,0.8136672484136558,1.0957014530025126,1.3286968565608686,1.4880599446667897,1.557046080409898,1.5311683194643164,1.4167028925476766,1.2297539836401328,0.9959225748775031,0.7444816718196853,0.5044031496447081,0.3021919738271792,0.15599317036296634,0.07354291147812418,0.053109940408750334,0.08176627963232584,0.13813193762546816,0.19751850117720193,0.23355474110150531,0.22309462871932884,0.15150530602344997,0.012783375781950879,-0.18837070492627936,-0.43550759510358866,-0.7049326095883517,-0.9678815510656003,-1.1932191774617475,-1.354195983250133,-1.4310243145599713,-1.4125326760628827,-1.300129819936843,-1.106254932244276,-0.8516266195640844,-0.5646955290970804,-0.27618779857564957,-0.014058075584608143,0.19788922705966736,0.3446102760652988,0.42206259099903704,0.43473794429592283,0.3958496289751607,0.32488833364839836,0.241485551792279,0.16344192545241973,0.10376512200304905,0.0664628823248048,0.04871435119930627,0.04359349741466421,0.04300433832803396,0.04290460371468161
1511148047804,3,2,-0.0818110520188628,0.018655624573349572,0.125976798067595,0.24480926645959958,0.37429888254138854,0.507731052698275,0.6322477657143617,0.7287958607717534,0.7777526598748228,0.7623828137245712,0.6705528293284359,0.4998337419338049,0.2582721544128335,-0.03764868542768698,-0.36240569899705033,-0.6853123207819393,-0.9761116992615928,-1.2066774181521058,-1.3557090894698494,-1.4130452964758298,-1.3785929044837621,-1.2632464823188803,-1.0884968771467576,-0.8808582309611994,-0.669182323486156,-0.48162063998405585,-0.3392070480756276,-0.2542460450600117,-0.22965963323081967,-0.25638974784260776,-0.31643546150791435,-0.38656941807113654,-0.43968042412353187,-0.45065999367472964,-0.40105618882027383,-0.2798070631713778,-0.08693731271856624,0.16561660889880664,0.457667555207237,0.7615590164935669,1.0455960365785306,1.2805957106404673,1.4419639485055649,1.5129556439113563,1.4890834480510835,1.3766231994418834,1.191678649263812,0.9598502635533994,0.7104104273104959,0.4723303042402535,0.272114121038877,0.12790626828249324,0.04744260069904177,0.028992173617816114,0.059628364020171354,0.11797407829934087,0.17934589361969056,0.21738018138118712,0.20894147888333475,0.13941045758134427,0.002799589974830638,-0.19617403193639138,-0.44104657117209395,-0.7081155984028049,-0.9686225504277689,-1.1914599484390107,-1.3499388042743379,-1.4243764073769887,-1.4037616910393202,-1.289727005465679,-1.0949985048268231,-0.840632256783378,-0.5554338920722364,-0.2704409633603436,-0.013778639262359102,0.19085917087327137,0.32900560985128857,0.3978873292151524,0.40420605631665246,0.36456266440718044,0.3031797566248836,0.2457748879512468,0.21732336448226286,0.23840633575637127,0.31971901609895836,0.4621888100946752,0.6567355797451642,0.8832770816904111,1.1155400508346858,1.324735359776571,1.4816565823765817,1.5630431041226096,1.554783500641967,1.4521140623705946,1.262629910111434,1.0049519871249337,0.7043903338505266,0.39175108277901927,0.09855871367993646,-0.1489452795396476,-0.33099747468934027,-0.4375771319307592,-0.47109001917961585,-0.4433130647351445,-0.37420537354423056,-0.29008664918784455,-0.2170950841020669,-0.17811106568330448,-0.19044002908672325,-0.2606765894213915,-0.38476611863652566,-0.5496341043034807,-0.7326881233711482,-0.9065256278676375,-1.0440877821575514,-1.120514930312412,-1.1186289541291898,-1.0327104891836343,-0.8674692635357574,-0.6394017524015774,-0.3753146033014405,-0.10607703052829304,0.1366784660221768,0.3259321403136567,0.4476534314302858,0.5043009799786955,0.5186530514611682,0.5205565713528384
1511148048104,1,3,0.1438708387704798,0.4449169133384206,0.7273783777791487,0.9620367485272932,1.1241296249543282,1.196687560800278,1.1749935828781335,1.0651183849721453,0.8829992064631578,0.6541121304520494,0.40764424693768936,0.17251408342742508,-0.0248017146190663,-0.1661686500200754,-0.24384942211050842,-0.25956719339183204,-0.22623809977050563,-0.16522845149083681,-0.10121201002005478,-0.06054454432154338,-0.0663556335387728,-0.133260562074863,-0.2672443538753484,-0.4635885978541512,-0.705828976068608,-0.970263117098511,-1.2281328181346525,-1.44833109122383,-1.6041694550112657,-1.675965653854468,-1.6527089910597992,-1.5360320928128843,-1.338661300835938,-1.0816527952775425,-0.7938122605712731,-0.5061772604509834,-0.2468729464742817,-0.039593195200577636,0.10119517414613244,0.17271884686717254,0.181679570785183,0.14467821685301482,0.08593735285636656,0.031174454469793528,0.005364694031665923,0.02908902489485027,0.11304240075773575,0.2581519100183473,0.45533706911596794,0.6845153108184341,0.9194131517995223,1.1312414759557379,1.2907942657045157,1.3748119215441734,1.3691848783911797,1.2691523683475683,1.082313725155219,0.82729544005129,0.529414268966986,0.21948369193773537,-0.07096489632005454,-0.3156852838276027,-0.49491414197379546,-0.5986391867208136,-0.6292874436334916,-0.5986749622118158,-0.5268229210190145,-0.4401401236975345,-0.36488234507397355,-0.3240726285382339,-0.3351729675693589,-0.40492607618644155,-0.5293797779458479,-0.6954611119634487,-0.8804031177722363,-1.0563583973674595,-1.1954452371654583,-1.2714943403687455,-1.265443368872061,-1.1690811123350486,-0.9840870837950106,-0.7236221864761095,-0.41132177381865287,-0.07583184681645366,0.25132274783295283,0.5395222006299514,0.765428553217132,0.914193672646406,0.9809666321982112,0.9734513475300612,0.9085056898521857,0.8092409775031735,0.703487391226129,0.617443634947002,0.5716853082375419,0.5800247887803816,0.6452464873783466,0.7588384982721881,0.9041378232727679,1.0565829167973046,1.1877511432669374,1.2714407926179288,1.2853893401395784,1.2152719988402023,1.058723648404697,0.8236336886179281,0.5280027769563638,0.1991979262066278,-0.13206134899335908,-0.43495733397966524,-0.6812748004132376,-0.8515145833218406,-0.9363033113777072,-0.9360577927235504,-0.8628798991731338,-0.7371557094578207,-0.5830024596328544,-0.426724126044001,-0.2912972065893482,-0.1918417437442116,-0.13582929034958224,-0.12091917655504109,-0.13539841536832364,-0.16382947852047697,-0.19011666943337951,-0.2025609821028614,-0.20216407802404973,-0.19761897370586234
1511148048405,2,3,-0.19817673079989606,-0.17653662692452804,-0.1830694291586736,-0.204738218520218,-0.2230379973900023,-0.21706103840941326,-0.16800103503559696,-0.06540883705819078,0.09230394291930732,0.29715961758170883,0.5302997274909466,0.766597866900637,0.9782303362520621,1.1367365752252476,1.21938685188922,1.2124142190547182,1.1112519819141267,0.9235850198874836,0.6680528185228211,0.3699419221696484,0.06001441638205965,-0.2302557008278826,-0.47467618257216987,-0.6535292292775079,-0.7568377878391482,-0.7870539816563045,-0.7560101338922157,-0.6837366814247579,-0.5966465499818867,-0.52099619462936,-0.4798072825218024,-0.4905394164547681,-0.5599326253840196,-0.6840322023167735,-0.8497630495899523,-1.0343565536393555,-1.2099641399252623,-1.3487033321711652,-1.4244043966158333,-1.4180047905890283,-1.3212932451313621,-1.135949287228644,-0.8751338487006012,-0.5624822841430328,-0.22664054182252355,0.1008666486697532,0.3894196524199791,0.6156807159977851,0.7648018903198976,0.8319323313184359,0.8247758235951597,0.7601897480990769,0.661284400297172,0.5558882185677716,0.47019727253552823,0.42478352326068863,0.4334547208840002,0.4989898930732792,0.6128715598447982,0.7584319808310016,0.9111073086936425,1.0424773386228579,1.126350528576947,1.1404858781141367,1.0705954144778045,0.9143697825206099,0.6797755198950293,0.38491155232668556,0.0572594587561886,-0.2723422018706135,-0.5729737167843841,-0.8163688426797188,-0.983076858738032,-1.0639359815827856,-1.0598146366343304,-0.9835901757954342,-0.8568264595894914,-0.7052734774454295,-0.5573197183671919,-0.43837806516435784,-0.3661093741734338,-0.35017760521290253,-0.38936998057375455,-0.471011636066204,-0.5752636089746868,-0.6765558229121704,-0.7468554559947773,-0.7622906032988901,-0.7051610087901492,-0.5663265802273165,-0.34910546599533526,-0.06726889005353925,0.25694314283904224,0.5935388001100079,0.9107681198714086,1.1795689160946181,1.3753866736004836,1.483519826772859,1.5009729268760144,1.4346467490269925,1.3022796878209817,1.129510646438751,0.9441192953811248,0.7741342967851235,0.6433721432387913,0.5662084179429694,0.5478619144358199,0.5832496747478393,0.6562455430314046,0.7446021487440562,0.8227627992638514,0.8643189780791494,0.8485077662922772,0.7626237297198823,0.6026456556559985,0.376317388990676,0.10098170323081257,-0.20037117756273848,-0.5003416614327719,-0.7726951021877047,-0.9977572090203151,-1.163247008634356,-1.2674726002600627,-1.3200520390038486,-1.3366808926886322,-1.335458078180522,-1.3303044088235096,-1.3254077065278884
1511148048706,3,3,-1.6080094559441325,-1.4716183319096332,-1.2788504031150125,-1.0292154812426122,-0.7308228677285831,-0.4012071670061571,-0.06304229915943141,0.25732958157977015,0.5333972533392123,0.7448224768692733,0.8787608438897336,0.9315532398444968,0.9114863578701002,0.8355811433961037,0.7268511289068806,0.612890139706891,0.5196086088180693,0.46729779454351705,0.46952120993886043,0.5288638432124442,0.6366662409247522,0.7761655893332378,0.9227412827219601,1.0479451536498494,1.1255775782458377,1.1334018551805434,1.0571409028706409,0.8944987363726074,0.6534550844517257,0.3521203805117191,0.017985366091375188,-0.3181046808084162,-0.6252255350993239,-0.8751082468102409,-1.048300746613358,-1.1356408401538012,-1.1379971246339207,-1.0682474322973994,-0.9479562180678494,-0.8028740554553732,-0.6613899396591669,-0.5489171572806002,-0.4831168722236916,-0.47365328235057214,-0.5193138176679855,-0.6074238366222962,-0.7181446595946454,-0.8259065934500398,-0.9026773259851978,-0.9245855913242289,-0.8739318686684655,-0.7415768123366664,-0.5308391747239355,-0.25549040161903747,0.06223000006693215,0.3923318519767247,0.7030685207769211,0.9653833747409579,1.1547301734463014,1.2564186394031192,1.2674675058929488,1.194793811263222,1.0561524441665606,0.8771957609924603,0.685708780054435,0.5097102753709629,0.37298237437845994,0.2898308292647123,0.26535739696684213,0.29430427986750307,0.3603062836574274,0.4408150588965302,0.5099278559078283,0.5408838053294505,0.5126302114902713,0.4123413515196258,0.2361960742869395,-0.007345429314255483,-0.2994742024433268,-0.6147336638859583,-0.9220303679634485,-1.1900685316012163,-1.3927873192058529,-1.5105433897645595,-1.5341192932043028,-1.466894011813275,-1.3218672677474643,-1.1211770135363754,-0.8936720470327917,-0.668390174333478,-0.47201199679446365,-0.32574751009366887,-0.24010713687535423,-0.21531385063054526,-0.24200241345560647,-0.30061314513604953,-0.36640078841314494,-0.4136832293786102,-0.41774056116667735,-0.36072258938680235,-0.23473929407337907,-0.04124134916757885,0.20681448239541844,0.48658026081239114,0.7703869333342843,1.027388955463229,1.228044122714583,1.3501539980611448,1.3797394821702695,1.3133424589454776,1.1602711911602175,0.9389496294891826,0.6748095492586225,0.3983736126791056,0.13866502815213425,-0.08003154262522112,-0.2397453889380919,-0.33325208577492815,-0.3635451035422233,-0.34109801071084833,-0.28369171259164405,-0.21165793648169487,-0.14249995582385372,-0.08977106803077611,-0.05937637697608368,-0.04782784299099463,-0.04663147310043625,-0.04820486306604753
1511148049007,3,4,-0.7064389891081113,-0.5079356122198451,-0.3560586065893526,-0.2660124969642902,-0.2442349642282524,-0.28623155974414327,-0.376407211504789,-0.49256022417405787,-0.6073610120648205,-0.6915744678459421,-0.7205904558316886,-0.6763254374189642,-0.549505768520463,-0.34347534893917153,-0.0721192905304811,0.24217203780312502,0.5692543189672354,0.8772433684687542,1.1369710068577428,1.323807739029934,1.4230062502195835,1.431550120990791,1.3563380120693502,1.21511826651106,1.0335442718604293,0.8394063037674744,0.6607301900096786,0.5213052981615262,0.435443860328444,0.4082529007606973,0.43447856198458906,0.4977583556239926,0.575545604744927,0.6419384371754346,0.6701762973178172,0.6392064387819345,0.5362028804116794,0.3573441191067471,0.11108997598948797,-0.18375093393518452,-0.5017223190866958,-0.8117309601766318,-1.0824812323555593,-1.2879123856880443,-1.4083810844677804,-1.4346697903653096,-1.3701572852434245,-1.2278429571028684,-1.02986427135431,-0.8050693774587275,-0.5824952867491034,-0.38882171358606354,-0.24525778699909317,-0.16231327512253094,-0.14021099935586406,-0.16958647362908608,-0.2308821850032387,-0.2993570552653362,-0.3493357808059765,-0.356108426691073,-0.30183819642355353,-0.17865163948301968,0.011981934221626522,0.2570874154728611,0.533802851852232,0.8144556516642851,1.0682157148137503,1.2655861260227652,1.3844562734494268,1.410990648509256,1.3419418976082367,1.1869020669588282,0.9646468597889847,0.7010047864345206,0.4268907957027889,0.17163075544460477,-0.04040731234733895,-0.19156874870351165,-0.2755749787063151,-0.29726499614138757,-0.2701399008251806,-0.21643524763594713,-0.162493638527191,-0.13328553164230597,-0.15080970853857553,-0.2293581845416926,-0.37197728142489433,-0.5721164233535652,-0.8129812929336551,-1.0687739362461262,-1.31063762255825,-1.5092397222045064,-1.6381286709324352,-1.679880840086162,-1.6270225038252861,-1.482505679842816,-1.261667476289175,-0.9883886248570403,-0.6912994298946239,-0.4020689663567814,-0.14918607511758045,0.04622592539118403,0.1709920728350489,0.22342790173135052,0.21337270626494959,0.15828060977233427,0.08235777492282698,0.01263688431186738,-0.0273323774709594,-0.019097970582676704,0.047529273114842674,0.17086525495245808,0.3396920827680873,0.5345130857882814,0.7287126575368648,0.8949852040022257,1.0092010283051214,1.0528000227226644,1.0184749160643878,0.9111783623611148,0.7463392774136015,0.5501017019459284,0.3541041133184978,0.18787855673420262,0.07392892451586242,0.018578096100603514,0.002773202963572474,-0.0015120271056491275
1511148049307,2,4,0.2947808423732385,-0.0007645334835807982,-0.3101510276067881,-0.6072384771623139,-0.8640941866520215,-1.0567045635066625,-1.1664728078261604,-1.1845281041876425,-1.1141526776694852,-0.9680064587750634,-0.76778868860366,-0.5419051013492922,-0.31900089667594855,-0.1254399731025461,0.017802889336433037,0.10037742517347784,0.12215823790089994,0.09255992870831081,0.031156962220569795,-0.03731370061676567,-0.0871924749616182,-0.09378992113735501,-0.039290024067127144,0.08416221123903912,0.2750825660599342,0.5204848449676422,0.7974995322719451,1.0784494017305133,1.3325019552382529,1.5301594504409826,1.6493114486282545,1.6761231665273417,1.6073482039795535,1.4525795745833967,1.230593837448686,0.9672201879277924,0.6933740750499298,0.4383816966383428,0.2266112647369709,0.07571752592528276,-0.008020920300543966,-0.029443067522688965,-0.0020500029247823015,0.05192277816453689,0.1061328116813802,0.13560988218878609,0.11835557340365742,0.040078360575611954,-0.10226748364548971,-0.30213074279449126,-0.542716520611594,-0.7982265190520336,-1.0398041482892393,-1.2381177376805945,-1.3667179083023064,-1.4081848973382889,-1.3550509651894238,-1.2102765595875178,-0.9892097156701695,-0.7157441604840209,-0.41852408387544837,-0.1292310983164523,0.12363838308011638,0.3189636997045024,0.44358981291090244,0.49587809915539893,0.48574927531949547,0.4307838735654382,0.3553664458847474,0.2867613792994724,0.24879457483979256,0.2602141755085393,0.33147829198383966,0.4610683213268648,0.6377171233058625,0.8415149803715352,1.0448857231847115,1.2188099258602345,1.3364895971996487,1.3755906149200685,1.3238932723004972,1.1804800145774,0.954466365454345,0.6662286930700148,0.34379226040350164,0.01758305585860845,-0.28133632504490985,-0.5265188738754816,-0.7009469904888479,-0.7967874283451052,-0.8173853034352683,-0.7775783960847864,-0.6988240303395753,-0.6071045446267331,-0.5298396047702782,-0.4892675454335157,-0.5004692807699314,-0.5698167326077007,-0.6915720909545612,-0.8502551837900061,-1.0235212061043786,-1.1831296822488755,-1.3008591324556527,-1.3532122523333712,-1.3227376764429473,-1.202609654788323,-0.9981551607513964,-0.724140247741675,-0.4048506512140007,-0.0709962974322812,0.2465427090110468,0.5188035401601789,0.7225967476163082,0.8454674282972228,0.8848876719221623,0.8482930860534611,0.7533374638229029,0.6224987258759282,0.4795752440931855,0.347496202249991,0.24234827390998986,0.1715321079683868,0.13483633666124772,0.12334740560286828,0.1236595043603615,0.12484240045958028,0.1225704866447973,0.11855451213280838
1511148049607,1,4,-0.35801274289010393,-0.2048390902565686,-0.05020286199475288,0.09722011181159332,0.22467756935985336,0.3168479817868302,0.3593442947869944,0.3392318871086296,0.2493248100479387,0.09170739511636627,-0.12368782661344532,-0.37809367521005194,-0.6447847556818589,-0.8946884663486304,-1.0986912137579128,-1.230784760515967,-1.2740656812394695,-1.2215638741874042,-1.0766670641216067,-0.8550589761573111,-0.5808762289283028,-0.28292352906715945,0.007023515147037834,0.2604239442449107,0.4561462756370294,0.5810453051241554,0.633502923254187,0.6234640338417001,0.5685325665842976,0.4931132148550552,0.42448622533807406,0.38648900174879836,0.3978773121642232,0.4691137550550918,0.5986818793380657,0.7753151008058387,0.979103277901084,1.182469307129744,1.3563926470058165,1.4740742160518892,1.5131789371768343,1.4614863237408549,1.318078208025111,1.0920696320744634,0.8038365660327049,0.48140391159039275,0.15519729682740846,-0.14372105713959243,-0.3889045155078914,-0.5633357970596627,-0.6591818178065227,-0.6797875437947465,-0.6399900802255929,-0.5612452880056401,-0.46953296158971525,-0.3922688594491497,-0.35168584039096895,-0.3628577467918856,-0.43214812035800554,-0.553810238455669,-0.7123559478536079,-0.8854357504222569,-1.044811184984126,-1.1622740507840474,-1.2143571740244565,-1.183662386620409,-1.0634462147717822,-0.8591513903187585,-0.5856938894847654,-0.2675375921848458,0.064417451759341,0.37911982951433715,0.6475039361251987,0.8464183773748218,0.9636836857389087,0.9974034093561344,0.9561329980894655,0.8592631048978963,0.7317208199989853,0.6004833175509184,0.49226610332743526,0.4272101735118858,0.4163911301953128,0.4618446707153298,0.5539479562455675,0.6735840546696304,0.7965905760768359,0.8950701380316441,0.942522121739966,0.9193616775246147,0.8136568155417996,0.6241946855750398,0.36225724429427714,0.04791686071068929,-0.2913585680341158,-0.6232290681936317,-0.9172412531653691,-1.147594234179955,-1.2955996038554338,-1.3544764181856288,-1.328584784695609,-1.231726480677083,-1.0872687282369156,-0.9229591059881552,-0.7661061940607146,-0.6418315272635526,-0.5676538420605531,-0.5504879152408335,-0.5879802059506936,-0.6671473425985905,-0.7661510155549659,-0.8599047499930315,-0.922042156487921,-0.9289017741726988,-0.8653611927441427,-0.7252347918980178,-0.5123934395787946,-0.24231786284469647,0.062311289423647054,0.3748619845253756,0.6669869079707951,0.9153336186356149,1.104954689907824,1.2299318272551196,1.2964233520834936,1.320489125655744,1.322294033957957,1.3182810559611777
1511148049909,2,5,1.4200033795158158,1.4121330405618548,1.3590128920129452,1.2460837178993907,1.0673718076680931,0.8259827880606536,0.536455670160756,0.22177677184063763,-0.09160483112469592,-0.37551733422723277,-0.6054346852479283,-0.7654733197808263,-0.8483463209265069,-0.8575420910776285,-0.807792793103597,-0.7203193348628572,-0.6208200752534684,-0.536436374501932,-0.4891636109737889,-0.49388779422727086,-0.5568356397755092,-0.6721692740279305,-0.8243465347349912,-0.9909917077340329,-1.1438592117768107,-1.25474554128116,-1.3001944375542627,-1.2628209101881451,-1.1358943827381984,-0.9248687778937752,-0.6446689420347924,-0.3197652301658185,0.01893798333053634,0.3403867131274768,0.6155140945940747,0.8211683764417508,0.945170292135837,0.9856238832298618,0.9510851969936368,0.8609454665710614,0.740132277723458,0.6156231882206391,0.5141339763014827,0.455805818726904,0.4517144369553561,0.5038956236780539,0.6027266516733826,0.729090757126297,0.8588258124531742,0.9640348211082921,1.0182176885653722,1.001790218050671,0.9028211539701819,0.7200983611305062,0.46490432103626755,0.15731148025065922,-0.17521298695275173,-0.5003310768198145,-0.7875931364722808,-1.0112043053814264,-1.1524849438718867,-1.2046658179035048,-1.1721214260611885,-1.068669603082511,-0.9176931794454721,-0.7469513017253138,-0.5837546649624077,-0.45321001025665464,-0.3727949135861452,-0.34934565196660716,-0.3803815251842433,-0.4527337793274414,-0.5443159926878884,-0.629736090866565,-0.6822857280642826,-0.6779695277210378,-0.6014148654583682,-0.4463839375541131,-0.2170512842158476,0.07024218700086904,0.3911657618018233,0.7164057863775226,1.0136960921456903,1.2544281022901567,1.4171658086926795,1.488709746903165,1.4680761286719424,1.3659156474364818,1.2011317608562964,1.0003520762481852,0.7932866259067477,0.6068337704570587,0.46356469014145607,0.3776529856021831,0.3515233150447856,0.37806420487021075,0.44085453878031744,0.5155332092560176,0.5760306498445977,0.5974916397482338,0.5590920230698293,0.44979959405484315,0.26898358259697913,0.02586167098919151,-0.2591476653810885,-0.5585730153957643,-0.8424263745943038,-1.0799676058946364,-1.2455614863672921,-1.3228612797975596,-1.304712499690075,-1.195790416547652,-1.01229974411223,-0.7773029530232342,-0.5192058528738284,-0.26799652115745237,-0.04884518380896005,0.11933402639019289,0.22607658431812724,0.2723969702209867,0.2677727000024064,0.22775066432275445,0.17243784009442267,0.1200058713565355,0.0827753946802296,0.06603838420265193,0.0642752333293721,0.06699157460496266
1511148050209,3,5,0.27358651057526834,0.22591339013850703,0.17800545857710504,0.14624229226368274,0.14565521259090566,0.18582258645869576,0.2695360616528992,0.389131682599937,0.5279073089667855,0.6640878076775245,0.77186131025906,0.8263897236733634,0.8093088135385913,0.7095073549911854,0.526265403327373,0.2711104565125281,-0.03581127307554918,-0.3670659923026568,-0.6904065878481722,-0.9754964208035077,-1.1966528037278608,-1.3352943469165006,-1.3847303014314316,-1.349392900786009,-1.2431388851384455,-1.0893745196357298,-0.9158706966515809,-0.7499417398047592,-0.6166929245674493,-0.5335976129156053,-0.5074867954580645,-0.5358745037061934,-0.6055873572783442,-0.6945352305627855,-0.7773233178649778,-0.8272414260222254,-0.8202930570644316,-0.7411050120503484,-0.5834392895931066,-0.35147046483534417,-0.061539600967708885,0.26202239035610037,0.5899016651988966,0.889831895342749,1.1332043768561444,1.298582991788985,1.3727681540103869,1.3547759018239363,1.255256656294988,1.0931134543110808,0.8949732896578861,0.6905453601731869,0.5067269748214648,0.366088101413039,0.2828011021243079,0.25928961234032133,0.2884417278577919,0.3538370263237353,0.4311169109212955,0.4942169687292333,0.5182906621287587,0.4825268556427001,0.3759112022939783,0.1978354918638891,-0.04245655287355021,-0.3245197881697612,-0.620860607138053,-0.9014812335320581,-1.1356554404312498,-1.297800265159455,-1.3716771288845537,-1.3503144991901999,-1.2386627082716442,-1.0533045695748988,-0.8177812257755654,-0.5610524441998649,-0.31367578349737735,-0.10129912989613193,0.05694537030427636,0.1508729798103359,0.1825867255214852,0.1638343038375679,0.1140173268641633,0.05905316122248365,0.02511781494540319,0.03468745859497599,0.10483721373529961,0.24220649773282588,0.4420886390333919,0.6906319305069071,0.9643205946585907,1.2337159130142974,1.4692442714831597,1.6430342127837303,1.733582733012776,1.7303891457587952,1.633111084611602,1.4525200075295013,1.2104341465653872,0.934279061004733,0.6542917339043236,0.4006063944721883,0.19672095617403992,0.057549396718596824,-0.011295800909617959,-0.01635908397136243,0.02632325050980966,0.09492661301319885,0.16303598061879235,0.20535163171114063,0.20254035233735754,0.14199960586791177,0.02151479965090264,-0.14966873171120532,-0.3545445702787654,-0.569306330211573,-0.7667390548539702,-0.9230257887867979,-1.0201015244301395,-1.048762597118446,-1.0128818290875712,-0.9272304197717597,-0.8148405770421395,-0.7042842613643132,-0.620330079986829,-0.57502601548005,-0.5599079719042862,-0.5545523790762266
1511148050510,1,5,-0.704766937324403,-0.47863346594108336,-0.2007653914773196,0.10833964921698186,0.4218552136736402,0.7089317242320574,0.9415928549210104,1.0985088168455837,1.1662716281199645,1.1435332293996,1.0405341871512368,0.8757905244413446,0.6756017046138794,0.46942278636967993,0.28396952122947783,0.14169373986865458,0.056700229517342216,0.03138217316175956,0.05862217358615707,0.1220093017908705,0.1972019198752669,0.25815482743948875,0.28003969093312997,0.24206081864894888,0.13321587209751734,-0.04709476164216114,-0.28962175113542443,-0.573916731885983,-0.8724846330528323,-1.1553273981515146,-1.3917192324820473,-1.556077961510487,-1.6321659023013575,-1.6130123696846677,-1.5035684093602815,-1.3204173806345167,-1.08710080426554,-0.8325786778706047,-0.587408672999457,-0.3772387060651682,-0.22120090653101726,-0.12947998334342012,-0.099972905049474,-0.12093202985520901,-0.17295589451891313,-0.23012740856834485,-0.26627099422442735,-0.25891107865463125,-0.19097329449499117,-0.0558190848579421,0.14184401955710602,0.3881636390150718,0.6596237919273481,0.9267864162673403,1.1600799172246576,1.3316368094865956,1.4199606333511567,1.414560360993743,1.3151066932989233,1.1323873654916823,0.8882390807609808,0.6101058355640474,0.3282391425221003,0.07277792069881708,-0.1327933460393657,-0.273602870182988,-0.3441216531769248,-0.3510321352191061,-0.3105747566474468,-0.24485087356504698,-0.18062101639628897,-0.143578044626555,-0.1534492250220991,-0.22315049403139264,-0.3550039359505698,-0.5394905857847411,-0.7587236033345437,-0.9871429277541429,-1.1946247726512322,-1.3530382368165907,-1.4384571012383753,-1.4343445491445443,-1.3362067477826807,-1.1503941981899648,-0.8931818377320345,-0.590692380793242,-0.27326085527612276,0.028697090081451493,0.2868121722596208,0.4807229808563867,0.6005102760664884,0.6458816881758087,0.6280780293655823,0.567513283928454,0.4886518686499152,0.4183931673487481,0.3813059396099618,0.3940861535734192,0.4652089366142251,0.5927844367125856,0.7631173722390794,0.9549532570995621,1.1416394444792883,1.293568927266579,1.384908081975944,1.3964014150072295,1.3170100718845381,1.1480659558213713,0.9020778725338494,0.5999989152211007,0.27082094162493087,-0.053691021357268165,-0.34426685743198665,-0.5756344993720851,-0.7312334328472359,-0.8059309172423413,-0.8038380458928097,-0.7386653224925503,-0.6316674214092984,-0.5055179415440464,-0.3820745686526938,-0.27918176493490904,-0.20565852695208142,-0.16225984672513966,-0.1431058140021172,-0.13672113730776198,-0.13348697646253366,-0.13033948182320726
1511148050810,1,6,-0.27538410846201594,-0.20069829181841614,-0.16221113238721666,-0.16358458507919502,-0.19905879420551592,-0.2546305369511185,-0.3087957194026725,-0.3386974114861169,-0.3241528292542447,-0.249516769619233,-0.108912825900644,0.09266354792835893,0.34137878295995533,0.613909538909102,0.8810871025419598,1.113620989759511,1.283897895809504,1.3706296264869984,1.3634821073612657,1.2622347305170756,1.0777431937377477,0.8318806389166178,0.5521050386441579,0.26866731229924223,0.011697493215115429,-0.19533251603254234,-0.3375641230796118,-0.40948029578230327,-0.41777330159373427,-0.37869100281722307,-0.31433990794917155,-0.25148378049483666,-0.21581722527630764,-0.22706819327825717,-0.2981526167498797,-0.43139218437401905,-0.6172673618264606,-0.8378907114263061,-1.0677016325415531,-1.2765758966890897,-1.4363822654157399,-1.5231942725821424,-1.5204749164110247,-1.42373020653947,-1.2393104773888826,-0.983490457028143,-0.6823925815003588,-0.3663515178348954,-0.06578247788269541,0.19094573276989868,0.38347214680241704,0.501877807805811,0.5458702844951687,0.5266897325133657,0.4647485745935604,0.3845084111300986,0.3128642085778458,0.27437844047540993,0.28573884477464395,0.35541064946069867,0.4814932616471429,0.6502814350909767,0.8405141514563019,1.0255395745535694,1.1757641300985258,1.2653868115240934,1.2752113526952593,1.1942921196079743,1.0240939939158222,0.7773002618148772,0.475074374805152,0.1466371410709557,-0.17603286164857845,-0.4635233642919817,-0.6905741905103738,-0.8409025747771522,-0.910058670665203,-0.9033996839516159,-0.8366032525577838,-0.7337366044312541,-0.6211715524155226,-0.5252349000737222,-0.46865032540308726,-0.4648120291424668,-0.5175656900248787,-0.6208910072801423,-0.7575731539637277,-0.903698155676667,-1.0323572984967464,-1.1155858007684172,-1.1306597139165548,-1.063583959042164,-0.9093557232706708,-0.6751036450351108,-0.3791411379599053,-0.04669288819894987,0.291242884202968,0.6024536199761285,0.8596814931259333,1.0419931521212522,1.1380562586537335,1.1491781559497154,1.086512751066632,0.969894355059528,0.8262901574896824,0.683332243958495,0.566031486815189,0.49447396828577583,0.47848219510953477,0.5172476770012018,0.6008230232199147,0.709334874938547,0.8172878899124019,0.8986921047405572,0.9287915112790304,0.8893763566759065,0.7727968242543819,0.5810685197797383,0.3273589755607422,0.03506977487258861,-0.2679198103378131,-0.5519620462518942,-0.789891606287864,-0.9642442299516552,-1.0693998651797996,-1.1135606573296057,-1.1215741009701592,-1.119818267943259
1511148051111,2,6,-0.7859311732413435,-1.0027398470417546,-1.1685789017496362,-1.2602199881830212,-1.261671081066981,-1.1688299562645772,-0.988303821464558,-0.736516062968141,-0.4396578409406404,-0.12807842499717037,0.1678251891942862,0.41971906960132965,0.607282506327382,0.7206350674840616,0.7595172355704236,0.7351949154314703,0.6680990808688859,0.5827035284239825,0.5059103112745886,0.46228520745989105,0.46851669229158677,0.5330691691012945,0.6540404225001083,0.8177233201631652,1.0028550323637173,1.1827821714218991,1.32790994659659,1.4124364728145817,1.4171649044724213,1.3311492688486306,1.155854287190545,0.9039632062577593,0.5966395115691233,0.26310408267598473,-0.06466441906633001,-0.35725364429292017,-0.5894033475855454,-0.7448307077722398,-0.8190858343630008,-0.8175258961961673,-0.7558284954610666,-0.6580608192010693,-0.5505946283166144,-0.45975665913046654,-0.4082705058043542,-0.40953027200707215,-0.46738153624061696,-0.5758039134310105,-0.7175825386278931,-0.8688034891062821,-1.0025582490987204,-1.0908824498027183,-1.1110528440200487,-1.0490754109380218,-0.899948796630382,-0.6708034924468798,-0.3799550645572919,-0.05263042434457718,0.28017032077798354,0.5862337066924792,0.8383029029908905,1.0154486564837053,1.106347276753051,1.1123208751474873,1.0445457057393088,0.922886964561793,0.7743511527404398,0.6266161412068267,0.5047403084386224,0.42885032488273256,0.4087887631110152,0.4437272610897971,0.5236331338002087,0.6284515665360144,0.7323761238296878,0.8089448558299932,0.8327480094990606,0.7847419186799189,0.656303059562596,0.44843304615822305,0.17342688490574337,-0.1457578233353521,-0.48084661006621193,-0.8004172038444171,-1.0734973482976167,-1.2760700653440025,-1.3925471834828071,-1.4172937410237492,-1.3574685399539288,-1.2299343432350591,-1.0583327099449635,-0.8717132587564816,-0.6982789615263174,-0.561119985449315,-0.4769910694067449,-0.45190099053300525,-0.4804011270405639,-0.5485764603134899,-0.6341555235900285,-0.7102171827993148,-0.7513209420108473,-0.7353155001266204,-0.647272404523378,-0.4838110626180006,-0.25166232401540267,0.03242618852276208,0.3421079992015087,0.6472788903756563,0.9174469812983646,1.1243268597714184,1.24805029639324,1.2789340768922595,1.217231219297591,1.0752609561651356,0.8743867626168041,0.6404609335821251,0.40233883557280964,0.18645039446828154,0.011897079882118217,-0.10969012016498068,-0.1766907345958722,-0.1978965290485485,-0.1876419739239902,-0.16350615667278504,-0.1423754473939955,-0.13297951306163108,-0.13326535915701204,-0.136608301745818
1511148051413,3,6,-0.7013369068063446,-0.5331770600263088,-0.367872427453442,-0.22367317568083184,-0.11855287177851148,-0.06774986507866226,-0.07856812630262044,-0.15029369115466562,-0.2737716020723591,-0.4298460220367862,-0.593579820824707,-0.7376907278676184,-0.8342582282951938,-0.8608374076053538,-0.8038138336533218,-0.658578386703508,-0.4326140547746404,-0.14452385336295895,0.18024963969713598,0.5105576991160647,0.8140945400375358,1.0635543910285272,1.2379898245027148,1.326078815187,1.329156329177895,1.2584163586268462,1.1337425157491057,0.9821579007505377,0.8313539520004245,0.7063992499625142,0.6274275134139439,0.6042857092166734,0.6361478205071234,0.7129820510823187,0.8147335332479133,0.9155952444168245,0.9891044105092472,1.0098504144909777,0.9587888022461308,0.8272953924715644,0.6163712842275342,0.33831109756110045,0.016072148508707862,-0.3220713076814333,-0.6446971667497639,-0.9208333087998336,-1.126462862362723,-1.2459977155910082,-1.2738028819987337,-1.2170369954228415,-1.0925624283556092,-0.9240200332546096,-0.7404583082616845,-0.5700786079973981,-0.43596894694455074,-0.35488142197879313,-0.3328218633293868,-0.36433878377684853,-0.4355150379642203,-0.5240787625845822,-0.6031115237984939,-0.6471803571689108,-0.634148337526279,-0.549110310946621,-0.38871966430707294,-0.15975274043018656,0.12098678313630173,0.42708967742823706,0.7283904009702699,0.9943510385152338,1.1966763852626725,1.315553595510421,1.3414568143221164,1.2749412137506808,1.128817343093417,0.92516696272602,0.6908061050729204,0.45578029367686546,0.24785561819878943,0.08744516736833152,-0.012824969233623862,-0.05109828162438623,-0.037302028807039866,0.010941654543236201,0.06970319643015133,0.11173586841987326,0.11312697208227807,0.05551451276384656,-0.07154532501126235,-0.26641540668597274,-0.5170296500601665,-0.8028329145724301,-1.0952496103214933,-1.3634545246735037,-1.5789680522140062,-1.7174499956178395,-1.7640740205711154,-1.715742358875692,-1.579387791851934,-1.3730208184403345,-1.1231243548563774,-0.8588742167959559,-0.6101710991210253,-0.4032711016684248,-0.255277705904527,-0.1741401957231292,-0.15743679719556894,-0.19126713124774586,-0.25492125474508387,-0.32373145490136646,-0.3713474679752767,-0.37623718316738786,-0.3243915234690472,-0.20999174078513433,-0.03867616277833569,0.17425855354376596,0.40780271306880855,0.6364041563439209,0.8354000378983181,0.9866852133884948,1.0797403444632674,1.11491183913486,1.10451066414518,1.067673350076677,1.026445269406619,0.998958890986045,0.9870968020019804,0.980698492138641
1511148051713,1,7,1.450143340171219,1.1460137608460303,0.8061166564134774,0.4401597277041873,0.06469355083149209,-0.29983952759814847,-0.6297290408454221,-0.9007214679436427,-1.0941434594237578,-1.1983207942686325,-1.2102427241611255,-1.1386373488049415,-1.0011429511832435,-0.8216277760392721,-0.6290255846398354,-0.45124033900534555,-0.3109934384216911,-0.22467455374052664,-0.19797291929065386,-0.22518469525228713,-0.29220749971897686,-0.3766449562501994,-0.45150389569313254,-0.4913141483153576,-0.47392758582948735,-0.3844441200885077,-0.2195309357969848,0.014018467195450468,0.2993833818512268,0.6101396633491698,0.9161098544914621,1.1867472732892086,1.3937508045048286,1.517304037008008,1.5478793197326683,1.4860312541398717,1.34457058438013,1.1455796747252118,0.9158753174103977,0.6855037899127437,0.4822318425177386,0.32647310043323324,0.2308540751963694,0.19723162077264145,0.2156787966314192,0.26857382017882797,0.33198756218026393,0.37867387314916445,0.38472079208530785,0.33176720457919573,0.2093702463329471,0.01916792480891373,-0.22677313161508728,-0.5078979293539975,-0.7956322121122184,-1.0591538981687307,-1.2699889972219487,-1.4038060874789693,-1.4457912872421854,-1.3928630892001825,-1.2519737764769892,-1.041154925274055,-0.7869088740736754,-0.5184239236847011,-0.26559856338777293,-0.05466155654120515,0.09734902392457394,0.18260197136252188,0.2037042395152906,0.1748196274773008,0.11700280969284416,0.05533591993102639,0.01661854237768431,0.0227991199067578,0.08815869983248506,0.21847976061773614,0.407558329693555,0.6387280095503919,0.8884945447788046,1.1273978082970006,1.3252031226020675,1.4564980594846724,1.5019580654571385,1.4523528049297747,1.311071379791531,1.0913314100541562,0.815725817353372,0.514084729358337,0.21697003721244953,-0.047049901034256075,-0.2544657092910949,-0.39229116117248064,-0.45801665032988337,-0.45898110833024663,-0.41325705778241895,-0.3449306549056612,-0.27976482460547514,-0.24336663401772043,-0.2552964218971453,-0.3256250418535819,-0.4554058622896878,-0.634356940524028,-0.8420543261707275,-1.052896307261966,-1.2377071715852488,-1.3679927473615412,-1.4221278851071255,-1.3864292488966694,-1.2574545647381357,-1.0445637420101186,-0.7665235139024794,-0.4493694691755874,-0.12468628679647079,0.17695211752529824,0.42951741880182914,0.6131851611691451,0.7190197400535473,0.7489487357953414,0.7132145920056104,0.6304571171030193,0.5232958896849711,0.41281000483980523,0.3171907072840211,0.2477086604091602,0.20598677781573724,0.18719465029658397,0.1817897255354405,0.1800447968388517
1511148052015,2,7,0.2995040595397988,0.21448459175617388,0.15521576837064344,0.1322838430301917,0.14922644931751625,0.19973214403148876,0.2704720868145819,0.34168461282453105,0.3897196662970941,0.393502499874235,0.33673361844138777,0.2103395180439586,0.016766092524953084,-0.2315312637650183,-0.5138959736133406,-0.8018292291155527,-1.0646769841726078,-1.2741663011539424,-1.4061616749715147,-1.44601871786547,-1.3907899396994556,-1.247525217242645,-1.0343211175418794,-0.7777184669058208,-0.5069242281846906,-0.25184193558587864,-0.0386969760419598,0.11548038357619923,0.20286835011383275,0.22608308562665463,0.19929637656814306,0.14356922726533122,0.08398839233036867,0.04735654349182784,0.05562396315035595,0.12307260417793682,0.25548520950533543,0.44665767534391265,0.6799232655197719,0.9317873105257881,1.172789276347677,1.3726941282240859,1.5060891424257152,1.5536495220870314,1.5061447166359445,1.3669636098609863,1.1493235670455966,0.8758171888364197,0.5762741966377962,0.28125598992072304,0.019330378568262044,-0.1859937960981193,-0.32173070535777104,-0.38537081407517026,-0.3842525360122119,-0.3364469526722996,-0.266037466999779,-0.1987825359023737,-0.16028270144652118,-0.17008955412050308,-0.23826315142814866,-0.36584475125536736,-0.5425405383168272,-0.7479175822093146,-0.9563721042794395,-1.1387388000780378,-1.266553463674457,-1.3182487268153698,-1.2802354284931106,-1.1492092103465001,-0.9347153068015029,-0.6557496809540393,-0.3386057876292452,-0.015122233401266338,0.2839329989278202,0.5324822983767652,0.7109144147593425,0.8109197020963713,0.8356400532981587,0.797303669342369,0.7174654838347186,0.6226706880684842,0.5388648764171312,0.4897290545356012,0.49196352723205133,0.5513828470295229,0.6643167976975723,0.8168601690570367,0.9857203297616576,1.1440050550327399,1.2638575897652047,1.3196397907609445,1.294187395693088,1.1800193262907943,0.9798342358547504,0.708717313183503,0.39061224283438406,0.05448386577463535,-0.26727849643561563,-0.5449858817727122,-0.7561223074324835,-0.886037538024818,-0.9316011604997809,-0.9016496653946667,-0.8132087712625531,-0.6906883764775262,-0.562214636432916,-0.45321050744864055,-0.38457774827012525,-0.36950870076975706,-0.4095023250413688,-0.49631969311124735,-0.6131061898689973,-0.7351559245433511,-0.8360583443566395,-0.891613196241308,-0.8820858998269341,-0.7979589381627239,-0.6413842477626728,-0.4247095445656171,-0.17131789623746227,0.08856410504865024,0.3245115282271915,0.5095108970295942,0.6274132539726489,0.680661271438282,0.6928849653915575,0.6932390427822472
1511148052315,3,7,0.775600412899264,0.8944167928604201,1.0252381420710175,1.1417466323487724,1.2175690143987374,1.2297349341015704,1.1642637137765928,1.019729170910351,0.805073258565707,0.5394352327740519,0.2500771620125996,-0.03419111342065062,-0.28587498557361213,-0.48202080673029163,-0.6098340505484339,-0.666764666641165,-0.6599823303166921,-0.607335994534834,-0.5326828995686319,-0.4615801222826487,-0.41946518053676585,-0.42576819260192367,-0.49046615187723264,-0.6145492535014473,-0.787697108587128,-0.9894674555417549,-1.194258200864573,-1.3729118474030164,-1.4969745753970372,-1.5448896383530888,-1.5030773588711654,-1.3682410713911064,-1.1499317517555858,-0.8671492942145486,-0.5461895719564908,-0.21889244891871618,0.08397365450337943,0.33633121454641024,0.5185693589980359,0.6223789382028223,0.6509023416907628,0.6163681927173319,0.5403317301160402,0.44933831255297196,0.36933355764447673,0.323998354306267,0.3300327645625835,0.3932509985801003,0.5099824429472524,0.6663215065044423,0.8389752994736374,1.001051611061481,1.1246941705432836,1.184266032758475,1.1626051204656906,1.052233797667426,0.8558556259908129,0.5885622275068199,0.2743050304253067,-0.0579427164820204,-0.37578388316569306,-0.6495243736017228,-0.8566488016854896,-0.9825173868522297,-1.02402516111116,-0.9900548614498671,-0.897705035462379,-0.7714895155517818,-0.6396708818288763,-0.5278366384608397,-0.45706773718679494,-0.44072382304724544,-0.4804155279685036,-0.5678953793779575,-0.6860925872960428,-0.8097685199625224,-0.9115396280032252,-0.9656688327226179,-0.9502233201171792,-0.8527940009426427,-0.6720369922344378,-0.41648125675960174,-0.10592561844106216,0.2318309612015229,0.5662696980977846,0.8659104971068752,1.10345281818292,1.2608702898000046,1.3293654270430344,1.3114210298956017,1.2214842834440587,1.081267343749318,0.9176097606645792,0.7595797861926384,0.631775036881349,0.5520498247434453,0.5299144144213379,0.562849088099644,0.6382716608437043,0.73635504562173,0.8307807688783406,0.8944321012728706,0.9042744093670778,0.8427095152067781,0.7021960684877276,0.48716252336006916,0.2114470248409523,-0.10153151249230524,-0.42154186763912566,-0.7178057364045168,-0.9612073021654539,-1.1280845738919592,-1.2054786911797803,-1.1906656383029905,-1.0912844741248247,-0.9259466258534036,-0.7191039146910473,-0.49744240181137,-0.2877327013013396,-0.1106591085114253,0.021678895659163533,0.10528315098388863,0.14625336303901354,0.15793581191041567,0.15518374244207592,0.151626192534077,0.1532850909708902,0.15744072404218948
1511148052615,3,8,0.5960511584508754,0.4794773021475356,0.3518125458641545,0.22389333707550613,0.11116953476612834,0.029604447198741224,-0.00526824226902034,0.017133970581861557,0.098405877139981,0.2322526582451564,0.40337469598033193,0.5879583026706829,0.7591541581882686,0.8894673355183904,0.9537617493738897,0.9353962611107322,0.8273632817728058,0.6327508848858653,0.3669400304000061,0.05408218067620507,-0.2767246149432608,-0.5930165679078052,-0.8650742876796944,-1.0703838698019166,-1.1943222089366434,-1.2338077363390674,-1.1977476446062338,-1.1032626132438614,-0.9748846210688598,-0.840889932862515,-0.7268755371686744,-0.6539283234514116,-0.6354111282957148,-0.6729358177893865,-0.7582548835829126,-0.8742967766126492,-0.9958217826044369,-1.0954452133471941,-1.1474289530539392,-1.1298393279093044,-1.0302665841282108,-0.8473663512026853,-0.5896672436627528,-0.2769678320563463,0.0629331225429553,0.3995170161429023,0.7013039310816063,0.9409935004439698,1.1005594958032099,1.1712044916852293,1.155411179378826,1.0676263513807482,0.9295613443928832,0.7680543037544016,0.6121713403739597,0.48650708567877393,0.40891201395589927,0.38889186456699304,0.4239221394512966,0.5014164263563844,0.601545256499037,0.6979914870794306,0.7636459094813635,0.7754906246841324,0.7159567469390746,0.5775479800828636,0.3647558859220579,0.0914999942671727,-0.21870454373590353,-0.5355244855684062,-0.8280907222160687,-1.067235124219984,-1.2293213584540676,-1.301546689999598,-1.2815379130254216,-1.177550810063187,-1.0091480237621817,-0.8021167283170345,-0.584868779740215,-0.38622051760016696,-0.22903228880438964,-0.12735246427630387,-0.08632561239749889,-0.09936125593335254,-0.1498728550917458,-0.21565368080137814,-0.27009090826939897,-0.28708096893614443,-0.24673658211564753,-0.13627785296417466,0.046875218695629606,0.2929523202569364,0.583301166290219,0.8917508872340854,1.1868481362129104,1.4385661453087661,1.6212574074284958,1.716062290437488,1.7158906171793034,1.62500437043047,1.4573523025736426,1.2368911970598115,0.9926459129530962,0.7537437280634466,0.5476463526384872,0.3947184758789938,0.3048397994348666,0.2785457257869385,0.3055283120986795,0.36600028114105754,0.4361901597062803,0.4903131473772842,0.5043489481658473,0.4620047483359814,0.3553208369144622,0.1857553211704972,-0.03401364243998117,-0.28426358681965824,-0.54153132683235,-0.7806351948166256,-0.981185862997874,-1.1309894669220326,-1.2262396646931333,-1.2739724790048215,-1.289254752951333,-1.2881202111417935,-1.2821896859534583,-1.2758888773761365
1511148052915,2,8,-1.0009811644373305,-1.017377978904284,-0.9509935617538416,-0.797484742170054,-0.5641135774425049,-0.27055825242405085,0.054830459661059275,0.3806620858479763,0.6745056877660301,0.9081783895073883,1.0629165243748688,1.1293568668265035,1.109582632264115,1.0177844822182402,0.8755306004810632,0.7095979882384459,0.5490460165548137,0.4184946160247832,0.3358349211816568,0.3106172779947505,0.3403587157507264,0.41250760606393394,0.5072612249994655,0.5983213550392459,0.6585909561310462,0.6650589607628439,0.6001594320460971,0.4563964401479137,0.23826038650300302,-0.04033109698002929,-0.3558649529190626,-0.6780098935662404,-0.9758984494693108,-1.220363751262684,-1.3877703539418453,-1.4653160863847967,-1.4506280472227375,-1.35196213153697,-1.1888809640093974,-0.9871716221374784,-0.7752458284873329,-0.581919786499167,-0.43005373333562635,-0.3336959836628473,-0.2979911306414359,-0.3163488319078024,-0.37218282221256543,-0.4432868130597386,-0.5030486022108861,-0.5253654199545066,-0.49035091793124735,-0.3852261677145738,-0.20741199160115262,0.03332089789347588,0.31832063429177127,0.6214181048594112,0.9111636821890552,1.1575369592422944,1.3349000624847673,1.4244066828163595,1.4189836117829755,1.3229126094777772,1.1501629700198797,0.9247090626411469,0.6755845124769543,0.43190817009398025,0.22110512720557324,0.06346198911346146,-0.03127556021004284,-0.06277559881548135,-0.04162808190812886,0.012019762330288342,0.0739758719361154,0.11801701374427691,0.11974488506017975,0.06267282358012045,-0.06099147173181324,-0.24902812317286852,-0.48712084118051974,-0.7527243374841044,-1.0180780917404535,-1.2520314791104843,-1.426560137393157,-1.5205264932199831,-1.5207675538559446,-1.426196279944364,-1.247600777419251,-1.0043258004630655,-0.7238332962215676,-0.4373035261024147,-0.17359108501537146,0.042431520337839854,0.193951763053115,0.2759401940087311,0.29321341561667014,0.26028011647785615,0.20031342478562797,0.1390505787810373,0.10174109972597137,0.11042467373555395,0.17802199381205902,0.3073623685674958,0.49165640847472275,0.7128852799828417,0.9455934569845467,1.1614465577708133,1.3309014172028353,1.4289474385974674,1.4395665615894986,1.3557613453649298,1.1822634901433968,0.9356092537706469,0.6395761774416495,0.3236442582780621,0.0194170917079272,-0.24594618262558104,-0.4514814317229477,-0.5847224978276365,-0.6451583576210836,-0.6416814431647987,-0.5903461185377371,-0.5131940984486035,-0.43193582651205925,-0.36372181678163723,-0.31964336513231895,-0.30023816020843497,-0.29544700799155577,-0.29446944849223033
1511148053216,1,8,-0.5047088286506338,-0.3940496791133877,-0.2887402100879705,-0.20716664973772086,-0.16293262421731064,-0.16310439944540678,-0.20414149207960264,-0.2727897156467317,-0.34993762792896516,-0.4115608675144462,-0.43354338223471783,-0.39740241411512395,-0.2912596981683711,-0.1130400929404897,0.12726973414307693,0.4109932135684835,0.7120492798476842,0.9991305287759333,1.242372835910224,1.4162839557412585,1.5021396418960227,1.4929605953568585,1.3930950718676784,1.216555156633483,0.9873392750057666,0.7344914709673594,0.4871319370992424,0.27268173589516587,0.11142084306531248,0.01308761486036263,-0.02199287699009666,-0.0044163428326330495,0.045665552201541226,0.10405759717836371,0.14453452574201783,0.14269688450501666,0.0820575023684663,-0.04517600473386443,-0.2367835926034011,-0.47844868772008814,-0.7476256907966027,-1.016553798125646,-1.2540821552712151,-1.432186228480225,-1.529728319006056,-1.5335453313285858,-1.4425501140386254,-1.2675306145791774,-1.0278313429885217,-0.7509138798107715,-0.46795796956645264,-0.2078175306570971,0.004635744144804499,0.15259020890869793,0.23101722450231854,0.2447339063569852,0.20824882774834588,0.14473392775064095,0.07992363062219593,0.03906239871695452,0.04418200339042286,0.10819189939717686,0.23390671305086536,0.41451943754591625,0.6319921865935253,0.8608518576910591,1.0727527332308953,1.2381535491658302,1.3320682717352967,1.338537753121643,1.2506710050014667,1.0733667746201414,0.8233990547945697,0.5248566380573059,0.20759387190159087,-0.09637951559539257,-0.35952765639576145,-0.5606395413468793,-0.6872798636108881,-0.7394458044727605,-0.7272634649610017,-0.6690271253514036,-0.590303755633176,-0.5178322878291616,-0.4753607677860415,-0.48193421512735857,-0.5467463882075403,-0.6678109332149309,-0.834019718591047,-1.0244476618704867,-1.211725542549729,-1.3678337056177057,-1.4659578591720157,-1.4850358644076853,-1.4146543529481785,-1.254423776691595,-1.0149659348411602,-0.7181789048043472,-0.3919685737043055,-0.06736484388962813,0.2242482667138513,0.4577453819188232,0.6165319114784567,0.6933211155409145,0.693228774083645,0.6314847965560333,0.529742242382283,0.4149944381301064,0.3140200986772189,0.24826739852835575,0.23292759755496303,0.2731493923927726,0.3624820513299377,0.48629492765857596,0.622577718158475,0.7449376720935329,0.8293535180052234,0.8566865898930156,0.8158243787473203,0.7083770569983705,0.5472436953630706,0.35466220645904944,0.160665147760893,-0.004868105923256261,-0.11988954960654666,-0.17648582473517113,-0.1916421984922223,-0.19423904831553784
