1511148045399,1,0,12.220266780861412,-100.26872108715462,-214.00827731511276,-320.6755913374752,-408.82454711317564,-466.3431716747617,-480.9169082788976,-442.2000661277565,-345.6278109785685,-192.57133200393295,8.907673729381083,242.81025936903714,488.3075818682681,722.0073549705075,919.3768320929532,1059.7209584853954,1128.8033700089138,1119.4386031417505,1034.5041801032903,886.3051977457887,693.5326711052063,480.72300300566206,274.25267207726256,97.12193811402601,-32.30332044553145,-103.83936713195874,-118.5366985883701,-86.45295200906239,-26.30395412003824,35.84991685367884,72.8821018979421,59.62115590588959,-24.315387528674982,-188.34810044678488,-430.179594284556,-736.4143053078607,-1080.8357005652376,-1429.0080451950262,-1743.6237587561068,-1986.4843272278335,-2125.7471492024038,-2141.536630288653,-2026.0346878969913,-1787.4301128752911,-1450.2181747752666,-1049.0649187512074,-627.0759042265008,-230.64044105299706,100.62988223093528,336.71095835406425,461.5766257607662,480.0681835174757,414.59431938413206,302.7424001329039,196.79148379002217,152.5542102952722,221.5072785378074,447.14111643509744,852.3957068378344,1434.6829772531814,2168.136028106014,2997.9327738375714,3845.2132168398925,4619.679098568384,5221.517910265989,5553.84338225772,5539.93465850535,5123.373333725335,4277.40923737992,3015.5618260096676,1377.227242537768,-576.8455410538481,-2770.997670314477,-5162.680854160979,-7799.982063469643,-10973.486190130801,-15910.723955324416,-29915.27902836731,175228.96704281203,16249.987216419877,7809.010370282797,5624.9919595098445,5229.394361271921,5531.013648600474,6057.6375640156475,6553.876078276167,6857.072546358422,6866.35454163939,6545.335530158806,5901.474547894486,4978.186673503853,3855.285062828797,2627.6686784249796,1393.5670426186496,250.49752505986427,-722.9491097873405,-1473.9089971093044,-1973.4040865634659,-2223.8089593853892,-2254.989511148327,-2113.647793170711,-1861.4862899701347,-1565.1781656186083,-1283.738358785253,-1066.431022185278,-946.015509205688,-932.7282927676528,-1019.1446993539575,-1181.311937478446,-1380.8194331156708,-1575.2756149376532,-1723.2136917837213,-1787.9544184256354,-1746.3968580215806,-1590.2034677904694,-1324.7040721295173,-971.0479492939321,-560.9634725628882,-130.47421212499773,282.23812847661657,644.0603633282552,932.5690975688907,1135.8596840032824,1255.3506540872581,1305.3585951736607,1306.802936824563,1283.848920654682,1255.6788565848897
1511148045701,2,0,692.7196119319362,662.024847188217,607.9678407172285,528.057224200258,423.4880831052768,299.94668816473876,166.08039405510252,33.16786191849799,-86.44100144249909,-182.43937773432307,-247.39816670481062,-278.06217886903426,-277.283845624289,-252.81648642634775,-216.3807450526443,-183.2577301186417,-168.84295309766227,-186.32330809208122,-245.66925712428943,-350.3603515173786,-496.4844226358489,-673.9105739315497,-865.5377688971896,-1049.4532946030984,-1202.8904420746935,-1303.428380029058,-1332.5704692587483,-1279.8802274084255,-1142.8502934374887,-928.4688759652134,-654.3124784217551,-344.48380677391935,-27.720749609765292,264.7300090645659,505.9850095378143,676.3166204608442,764.9633597649167,775.8151471130841,726.8069567832365,647.6353330408963,581.7233331352659,580.784551575007,698.8757991710402,993.5741670631759,1520.3137724007893,2330.311188037408,3484.2692491760195,5069.2604494327525,7254.659548526916,10493.576876081901,16346.617574107055,34730.618238716765,-99173.97542131494,-13783.525633399628,-4523.312387101906,-864.212306496409,1000.4271044038761,1977.7881086464067,2409.6598682543886,2479.797596548265,2313.9366416839666,2006.5789066629218,1638.038298409257,1274.2663097038164,962.2836006303231,734.2614587247052,605.6173915089437,573.2911845807483,622.2064966190303,727.3767158562185,856.1816463115798,976.3499115865608,1058.958839162293,1080.474176203359,1028.1110334850077,899.6629580763145,702.0024502837742,451.9925763348458,172.61538236994255,-111.20990234252534,-373.874262442633,-593.5000282512605,-755.1907053715967,-850.6904542701033,-880.1096137285036,-851.872287921671,-779.4493415795912,-680.3147165233275,-573.7241872983768,-476.5774546085404,-402.35073058232047,-359.7449626602209,-350.5290741531064,-370.8041518275904,-412.0862766106562,-461.6792449949398,-505.8189099054931,-531.8434237927671,-529.0300595097514,-491.183876807429,-417.43781855219754,-311.37556104912335,-181.48435400932485,-39.799492444846194,100.62948421263509,226.53461292290612,326.3731873107143,392.5377676279454,421.27425197276534,413.2388255630569,373.8541030766099,311.44434936179834,236.2296512012111,159.40461304008812,90.69994396043232,37.46496813358937,4.33535978885351,-7.983032708820225,-2.0771338839112197,17.376040742290222,43.891776102717415,70.92865759752675,93.53399835782182,108.50167890489773,115.28252106291194,116.04735036414877,113.87597477503104,111.03296209637703
1511148046002,3,0,-57.06378446152072,-51.27719674398967,-42.71495385567646,-25.714618735627216,4.687242008924564,51.9709109541862,116.37408656136432,194.0834685418944,278.30884897084997,359.39421342531944,425.8889285046675,467.11748740041514,474.07891322658384,440.76479944398903,366.2335730215255,254.20895751010178,112.76573494556708,-45.52474687370459,-206.0796994143039,-354.22440965817043,-476.1480285880193,-561.9388969632574,-607.0194899832111,-611.8651969842631,-583.3288682914414,-533.6763364454052,-477.8260389337493,-432.60846527897706,-413.9598198587434,-433.17310479623575,-496.3742029277949,-602.584730323454,-741.8482607709586,-897.5883514209951,-1047.5181614847806,-1164.7283545483717,-1222.9817401460652,-1199.2613168695418,-1075.5764800139677,-844.2377790464697,-508.45796864171075,-81.27659569588555,412.2052782104501,938.6444207670021,1461.7538506147077,1942.8709915446677,2348.2110077506304,2656.5351434628456,2859.837706362118,2973.6090359972236,3051.752340296758,3206.9872825476195,3710.4409062407194,5476.023059220799,16121.728041149627,-19188.85595791936,-7457.812490715125,-5316.053783686033,-4369.694507845604,-3710.254779741978,-3097.6945699254074,-2461.904289448879,-1795.9706398022647,-1117.3162323722688,-458.7983696845953,142.21346518409118,654.0882045629846,1051.1275961237648,1317.798942840826,1452.7266306220736,1464.946636552859,1373.3352562695143,1205.8295795551815,993.0817002832242,765.7700064723012,552.6324486625131,375.1532829947436,246.6287930739469,172.55603645399412,148.86162436876722,164.27226789492218,203.45459985808435,247.8338824617608,279.355192278518,283.75953107607836,250.90270273555717,176.89272104973986,64.93441761897614,-76.7627608835428,-235.41446467060405,-395.1494192940895,-540.5064852993139,-657.6218085836897,-735.710462346055,-769.4904734144179,-758.793352560042,-708.1517434394967,-626.9881468639581,-527.2966631538393,-421.8049545511262,-323.1568019552961,-241.42561322686825,-182.87880353296012,-150.19453680563282,-141.55473773059842,-151.23537689766277,-171.4351968259556,-192.80312399946408,-206.02856374622843,-203.93619551830326,-181.7672091703799,-137.99409701573194,-75.08020704094498,1.711289326651766,84.97301398399975,165.79180179373472,235.86142860350458,288.53435822686515,319.3960755067202,327.6595999570567,316.01131788008627,289.7413166950085,256.4371065389613,224.15195103784714,199.16837989604673,184.6266048168172,178.17208298229366,174.33442733966342
1511148046303,3,1,-323.9265588065195,-194.52021921099845,-53.216857693581844,88.81550535005329,219.03802108407456,326.1028952788423,400.6515130232299,437.5139315889066,436.976239849103,403.69810784268753,346.8043783880696,278.861858702578,212.8509451142637,161.00472376926197,133.14520988788337,133.943079912003,162.99405126928983,214.89898431091774,278.7647458468059,340.73373446562033,386.09047834334547,400.3141895412049,372.46307018622343,297.007363109614,173.7729489942005,9.52059871124602,-182.77087473793716,-386.59796566421994,-582.7149070240711,-751.8836414211535,-878.6351739963958,-952.0122423518511,-967.44882713559,-928.5745031809685,-845.2283625573264,-732.519279132459,-609.7397999841875,-495.92199458526824,-407.55459776206,-357.07925180741523,-349.156180343554,-380.4696545916509,-440.97938174690444,-513.3717914517719,-576.3585056495444,-608.7405293166095,-590.7339846425939,-508.2315206931079,-356.2102784656924,-138.02567759805672,133.15266102751045,434.75940647689606,739.606232547803,1017.8243085475284,1240.1006914545358,1383.985760846179,1435.4451117234032,1390.460728183959,1258.288997946556,1058.5318859370043,818.1857008928388,570.5061722808865,348.0591341177717,177.59165835681833,78.47187173498934,56.758919997276294,103.47565050739598,197.90195102961317,306.84539126266424,388.92792462722986,403.23271524458386,311.92037291886123,86.6688039770225,-282.90582609184315,-790.0227148350895,-1408.89795817119,-2092.605095433359,-2781.9229882877376,-3410.314340320936,-3907.6548547822485,-4214.312050329751,-4287.2976629020395,-4102.36755125003,-3665.317129349748,-3010.758336575231,-2195.0554688376747,-1300.1860855123068,-422.26546506124185,344.66994593129084,907.2688112484391,1188.8045329988754,1148.139781034819,769.6111866072931,81.65321567168449,-774.4488428916236,-177.79917265989894,-4346.052129290607,-5360.399308364866,-6486.1339582507835,-7434.116663775978,-8099.353126546886,-8410.439621908477,-8342.428169029945,-7911.21870363136,-7156.479317937485,-6148.8185836135235,-4979.879552346882,-3743.3556485175054,-2534.181364009104,-1437.7888562102735,-515.8069411367952,191.5580029049013,668.826909053053,929.1811048856479,1004.2675121428431,939.3699153294162,789.8587001174118,608.0060801766297,437.3523695839691,310.50276507582015,241.48883755535314,227.26886944199208,253.30041259920003,295.16351858794127,328.1934975952101,338.93745012974534,330.9546514692206,317.3968111869444
1511148046603,1,1,-2066.071054041102,-1767.9088505875584,-1677.4919241395412,-1775.0331200688581,-2003.5417405326004,-2272.0504640889294,-2477.877424186421,-2529.104062946895,-2350.695802276516,-1902.2543688316275,-1188.438663027765,-249.75475977955224,837.2390127956553,1967.728664714472,3031.9750298322692,3924.5276450323017,4556.370920359114,4874.966057828747,4864.518529740658,4545.621005275509,3979.1140000197424,3250.2473922400327,2455.1391604516098,1694.3022266242128,1052.130022121396,585.2993515310553,322.65051920717485,255.8520319063262,342.3957706703942,519.6279265833106,708.5426039484947,827.1905579610973,809.3740699467489,608.2536452910222,204.89752564683803,-383.25936852489866,-1111.3802661429543,-1911.7787987882402,-2698.5863237731355,-3386.50208636931,-3900.5844850663066,-4182.222571177202,-4203.658047293401,-3968.9557342970234,-3509.0939093376546,-2883.673593424221,-2169.3469357977133,-1445.523353970335,-789.6929631422031,-263.7491849174301,96.90677397716998,281.15662284570357,306.02406291456276,215.38468590013605,66.40979930005375,-76.02898679195806,-147.68104921944055,-100.72143809280365,92.80076538217881,438.0981119762503,911.1197207740837,1466.1080068881188,2043.2346804653528,2571.8761386487786,2985.107804711599,3229.9293265078836,3269.741224681412,3094.005795093495,2719.923283431177,2185.158352203959,1547.1189618220158,874.7800808047298,234.68480587316432,-313.33966626092354,-724.5451609088391,-978.9565289307232,-1078.465837763456,-1046.3688766927519,-926.8087705534564,-772.6463171205176,-638.2053190898831,-574.2768570045337,-615.4848511728799,-776.4893558874461,-1052.8868587430763,-1417.0147224907923,-1823.8125371278823,-2220.272937740926,-2548.466583214583,-2756.121253571792,-2806.7828604120255,-2680.4972849136984,-2379.154399775053,-1928.5251542869187,-1370.1522782718241,-758.2360097006333,-154.0428525765646,386.8963864744747,819.3536953805822,1112.6901431047108,1258.8082823437062,1269.4649265549172,1172.5615540725514,1011.5263176998023,835.1796819620032,689.2836242670775,613.5598858844828,632.3863433050273,750.6653160557283,957.0195676496567,1222.1576327418643,1503.1557247572441,1753.6387669961528,1927.290188691341,1985.0161170536971,1904.419670884495,1679.7609938453259,1323.4892255256275,867.9136349445414,356.9615325786502,-159.5617539200489,-630.4915803331406,-1015.0916275788143,-1289.0692061268246,-1446.8255983571362,-1507.8904675520462,-1514.9533052850702,-1507.9591852214285
1511148046903,2,1,411.3440589011791,435.34554811703777,446.10821684369284,437.0837847158743,404.4131629197278,347.3958070858817,269.632768212976,178.17864688063682,81.94869232062668,-8.804423513057358,-84.58723836338638,-138.7068511816089,-167.48001931161548,-171.48233175424363,-156.06842830023814,-129.6967225858759,-103.37887560456731,-89.4553257955891,-98.60340114006246,-138.79278307218993,-214.16485581252874,-322.89291919419435,-457.8469711046555,-607.4669195517412,-755.798152698699,-885.4267279899407,-979.9895410912364,-1025.152379777212,-1011.8606587676213,-937.9946400848572,-807.6214358785232,-632.1051086738509,-428.940778735966,-218.14454596148124,-21.14958203279308,142.22580846442008,258.2891211507381,319.9870132016253,328.62162774589325,296.03574688427153,241.60952584401917,190.62027129150798,173.15462467403427,217.77942242477505,348.17227315865836,581.5369283168773,922.3422502669476,1361.2515663959425,1877.0023504538208,2433.156071748321,2981.50654182956,3468.0887393595526,3830.6637605821365,4002.0053876468965,3910.51984246453,3453.67622397992,2431.157000423064,230.42407947018143,-7178.549512754361,36314.61309807496,10159.896270609588,6367.549509730314,4450.228545063262,3156.118276523634,2217.3321477917593,1548.1328355648961,1106.9559067669861,865.5496593360768,790.2996022792981,839.8116090456234,971.0247590224915,1137.9250238951788,1295.908257915245,1409.1884990104165,1450.4710746035028,1403.4558518319718,1266.2129155810496,1047.533148191375,765.430759301703,446.2655896700107,118.64270230136991,-189.73299276756254,-453.74791080094104,-655.7763616845305,-786.7390670804344,-845.2505561345134,-838.985446677809,-782.3987761563792,-693.2443696674974,-591.620706074646,-496.5145948511779,-422.4656466882127,-379.41857285046916,-371.0598529237727,-394.0457998223259,-440.32789504367065,-497.95014933851644,-552.4511048524965,-590.383571915289,-600.5664089750393,-575.2111491173296,-512.1450491022842,-414.2838223647576,-288.7836824183907,-147.05418191115584,-2.386960966112539,132.1203844319793,244.30124984380006,325.2112035187749,370.33674536226016,379.0785786527838,355.34298999085553,306.8673281726637,243.13122705856904,174.66462063685913,111.56934712487967,61.40759082543325,29.029859986350303,16.099264571010497,20.49227242278868,37.70991346211492,61.857524548950884,86.31736334608968,105.84556475955074,117.5669679806652,121.09123240692594,119.30522288991403,116.09288415089236
1511148047203,2,2,131.55188423668815,69.00403761157506,14.51567727416425,-25.930153433380088,-46.90624849378137,-44.881866991135944,-18.689186235672295,30.475476390741242,98.07391250520116,176.70957566515534,257.2823779884706,329.1918141733807,381.9709060853203,407.143748990693,398.59286253438785,353.93032427579965,275.4432520223362,169.0685647315781,44.25240614877184,-86.7818399158027,-211.5835844474696,-318.56814016986897,-398.25629403047964,-445.69241505955335,-460.5478598329029,-446.94034474061937,-414.0600899709135,-374.11902826253834,-340.31162685284386,-326.00695182958555,-341.6595494080734,-392.72138087521074,-479.6552212114578,-596.1837503708208,-729.4014511059505,-862.379614671029,-974.7324406506661,-1045.0414138593183,-1055.1939844261465,-991.4349385141119,-846.627888717118,-623.4443751447628,-332.85980406028324,6.364158706975442,367.555689326128,721.3100388155179,1038.6409386852438,1292.6030287909127,1465.1103387728897,1549.7784867139526,1552.036921965243,1495.2886645989815,1422.127120761461,1394.3744367695822,1508.051478938652,1919.9574522719156,2935.7383333367557,5425.943910083668,14009.917048343923,-131729.48597083017,-14752.255654622866,-8172.558699438509,-5429.551202783047,-3682.8267159134457,-2349.864914999177,-1257.0256073490502,-354.64143987306915,368.6374801850663,915.1242880900929,1285.6424997454787,1489.1682364158755,1544.8602315032683,1477.9239357099018,1320.5164008998424,1108.7072300541288,876.3127063307627,654.0606789947011,466.7337250475751,329.16285842216115,247.57747588361804,219.74555062238633,234.62068855595234,276.4096120779734,326.965793359417,367.1903337551391,381.3195069549907,358.63032031527604,293.5602827039091,187.64745508133828,48.63307666015406,-111.78127644966975,-278.3678327018266,-434.96860230514665,-567.4518120544598,-664.285663419703,-718.3853190101496,-728.4746059705666,-697.8604429734038,-634.240461075243,-548.9895802871711,-454.4412502788319,-362.70347400331116,-284.50417417179784,-226.91364039026124,-193.15357767733545,-182.7800013238078,-191.15284083379623,-210.93026398679794,-233.60951916942892,-250.08651309889612,-252.6302306286883,-236.22476100183238,-198.51300728796386,-140.64892441901497,-67.17095855181323,15.461028229991358,99.33869302038995,176.28859988041972,239.79779052481751,285.4567645889141,311.6045288768266,320.1017965729341,315.30168964478264,303.0538987370485,289.7122134952077,279.58700085838075,272.86228562793434,267.3879707004501
1511148047504,1,2,-1469.3585618306302,-1288.6401679345877,-1026.145063358946,-693.6705534974753,-315.0370137412403,77.73457015970415,447.5056419623496,760.6390675802631,991.4427988257222,1123.8445430748816,1156.454568801023,1101.6563559015672,981.5633994512425,827.3752315134718,673.4209330353347,550.0736713747019,482.00747207334757,483.1070632569601,552.6905220887044,678.5036647154504,837.0229785532571,995.5318955303243,1120.0185911262317,1178.6824842635006,1145.6185760501714,1007.908236144731,766.0352831352517,433.19747905032136,36.77351622915559,-387.2479597424952,-799.903537359749,-1161.5939614901163,-1439.642621286239,-1613.303109704804,-1673.5825937360214,-1626.5912561417363,-1492.7868626925986,-1300.9750984507464,-1086.4090905740554,-885.6880488333594,-728.6193572893442,-636.4401162106142,-618.6849341319745,-669.2553797394156,-770.1662693461188,-894.0902608132209,-1006.1059218090877,-1071.9384916570507,-1062.8359919055952,-957.8201498429271,-750.1245523722097,-447.9459669097589,-71.524070883946,346.3238817132776,765.4538791288455,1145.8651161593014,1450.0706439677251,1649.3585026709216,1729.558342313965,1689.7491063425643,1543.5557225452762,1318.7177689658843,1049.8137853562748,774.7412897797991,530.7044776252222,345.6968842790057,236.29299246941926,206.6983523141254,245.2090296943191,328.1477321029772,424.738388751995,498.85134055007495,516.8376626681605,453.77633884505053,294.5165586267061,38.70561956866163,-298.0022894791175,-688.7653687080219,-1096.531647857716,-1478.599944882778,-1795.4332137140655,-2013.4899305145161,-2109.681915464052,-2077.4267584878744,-1924.7291971998152,-1673.0077642695037,-1356.7347832035662,-1015.5793434768555,-689.0153669486363,-413.3577831534516,-213.66907151801993,-100.87199074725186,-72.94576685577483,-112.45890232403468,-190.24350806889132,-272.40839166941385,-322.55157660040135,-308.530568898723,-209.814915968402,-17.727779094100583,261.5912593595169,605.630198332116,981.6623809930302,1349.709657246356,1666.260137095747,1893.692154104253,2003.9228386512498,1980.7946563614023,1825.725545046803,1555.6527629840693,1199.2678706250745,796.3274804300273,390.0255734986473,19.880466599494984,-280.2436745039552,-488.71506198895355,-599.4032088696873,-618.2801792823078,-563.7732513495638,-463.36760158105204,-344.9061216756962,-233.77189892927933,-148.62785269303026,-95.33422223208896,-69.97587242115242,-62.70984769251293,-61.95121538698009,-61.89646985470334
1511148047804,3,2,-156.9169822624371,37.13818598190058,260.66243735522664,527.311165709697,840.6971600363432,1191.3278423682232,1552.8467696487262,1877.7649223205124,2107.2533867056604,2177.935444858374,2025.7585827460798,1602.144194279426,881.6470423154574,-137.45031203140198,-1421.9103125340857,-2905.8702668615015,-4502.318583293908,-6101.516415414444,-7585.166974540067,-8848.32229832135,-9800.803675256244,-10386.318440313653,-10610.081483553953,-10542.178988446558,-10371.637098431562,-10588.509584488502,-12824.455038009648,-34288.91409496557,19763.519608025406,8363.558811097602,6368.092172626524,5624.79326108417,5009.9649917242805,4219.806056539054,3187.24604320299,1931.4785304848936,530.4226137951304,-905.319610638143,-2265.9909085582535,-3445.850378313793,-4355.873930632018,-4942.897014775792,-5184.810085288766,-5091.583269417228,-4709.553619654366,-4106.641250301883,-3363.9105778305607,-2571.3317305189794,-1810.7731776174603,-1148.2176466985986,-632.2431124726166,-284.5966684507685,-101.27242157606122,-59.47108216093228,-117.71802325397456,-224.46849990038888,-329.313136054512,-385.6712403529709,-358.58925683415873,-231.6898489240161,-4.5100356789800955,306.626395614053,669.4521763598244,1044.6457924607432,1389.9266261246303,1664.229783299703,1836.756541562595,1889.1105683158091,1815.9252670737387,1628.3125600945275,1350.0187542213828,1012.6465400930593,654.0910050621322,311.49460239683526,15.529785107643956,-210.59747610632567,-355.5626060422782,-421.3367733206919,-419.5705942305709,-371.0880526091437,-302.7405633374999,-240.8410368081931,-209.06103754891427,-225.21837607505847,-296.6977838848963,-421.4641152396824,-588.6510679326933,-778.4254213522939,-966.8967706755192,-1129.5805371577735,-1243.2062495170296,-1290.8772407131669,-1264.1820408460023,-1162.7067013166998,-995.8092772845649,-780.8613929152098,-539.3436698831598,-295.65023729948194,-73.32777659894725,109.26795417634558,239.47932449519396,312.28966983330713,331.7009527646798,308.0145160162375,256.6046276728523,196.3586417092475,145.0815502874034,117.53394278852566,124.11074331025512,167.80262174557413,244.6832948213362,345.3469288405234,454.922727879857,556.2830090795978,633.2995923537906,671.8993601280569,663.1986080476208,605.4278889174922,502.94246064470406,366.66655699152375,212.90112884024458,59.530498245328545,-75.89330839397476,-179.0871085704108,-243.42227225219509,-271.4163446135258,-276.30993301707514,-274.53993899515336
1511148048104,1,3,46.712232388540585,146.6200823863962,243.3487219747314,326.82473136143136,387.8803397665435,419.49530318734946,418.5593357150287,385.66345883800847,325.0705573258838,244.90511004073005,155.26768104158114,66.86649938611278,-9.785540686519345,-66.75917878323399,-99.79004790848023,-108.23536350088969,-96.16012618522902,-71.6120530908239,-44.7480295149356,-27.316991047266058,-30.565696731847925,-62.69706352015374,-128.4818545532144,-227.856340555757,-354.845873248854,-499.1930307125024,-646.9945005937869,-781.7149715506571,-887.6005797813535,-951.2484484260581,-962.8882053170202,-919.2529543889048,-823.5351918784659,-684.5666154781705,-517.2750525698301,-339.9095617455557,-170.99996792247293,-28.316235477745376,74.80425941443465,132.11384412692797,143.97331407938495,118.93512562637073,73.38828910810919,27.69722295726016,4.9668798984274565,28.115054094177694,114.27759524446523,273.54127740371877,506.8936286365398,802.6321408756719,1138.7513413256625,1484.6934391446378,1801.5648999844882,2048.7962851577913,2188.6544564586893,2187.696257399434,2024.2238488309904,1691.0160234878522,1192.9689162110008,551.0128506356506,-201.10395835581656,-1026.8671519431164,-1889.168499088634,-2764.776381158961,-3678.483872250864,-4765.706134995257,-6571.288294058814,-12677.075611026405,34000.519741000586,5768.191180608673,3297.8508399644484,2753.0110416492457,2749.512877533262,2922.2665374616836,3106.1584515079444,3211.899721836527,3193.47435218029,3028.8742824138953,2719.967442616002,2289.2046322316933,1769.4819173919059,1202.8389674586876,635.6914338823085,109.50489614294021,-340.56955916182994,-688.6936574976031,-923.4821023230589,-1045.6274900754777,-1066.5549663824693,-1008.5451103611379,-898.9279544228389,-766.2500126629436,-638.63021068112,-538.3081634720012,-479.41724435375363,-468.5517249546327,-502.7786790736255,-571.0653898899819,-657.907435653484,-744.2223649585413,-810.6603021224936,-841.6703602834577,-826.0500520217818,-758.824978237514,-642.8314705965995,-486.6602607539791,-303.82156247935035,-111.70045942107376,72.2130741933,232.07323769598517,354.8906085176218,433.3128538345469,465.6887282142174,455.27469165067214,410.6058779638744,343.35328557198966,265.9219643954686,190.6863322412498,127.57818494790581,82.38024261959525,57.21089047259213,49.97409885885511,54.92640233884918,65.25669412342725,74.3808320461756,77.86491098698095,76.37790462199499,73.40036457152375
1511148048405,2,3,-66.72366128516136,-60.4340568665948,-63.738893489365,-72.51963852318926,-80.39596530540487,-79.64734115808577,-62.773392837848554,-24.895435094764206,35.799262102044295,117.48185860649696,213.79247274952778,315.2810632968829,410.5885686257703,487.12957662236425,533.748153290579,542.320066995452,508.20084351990033,432.0517187761873,319.84062317112205,181.36734429909302,30.146313878523113,-118.57822330319688,-250.77495821679446,-354.43341905480384,-421.65938844179715,-450.79195312911605,-445.50611290192796,-414.888225160251,-373.12911078155815,-336.1118120112894,-319.63689381415765,-337.8058783847394,-399.0491629031261,-505.1190392853482,-651.0431972041191,-823.3579453362182,-1002.2075809736916,-1164.3496343559568,-1283.981868663525,-1337.2384487578638,-1306.3604505127214,-1180.2514229918074,-958.0042933103963,-650.6222275474181,-277.8946719898103,131.57736942796302,542.6478237320466,920.765668103925,1234.1592508638753,1457.669623168817,1580.7552550546848,1607.8681511709367,1560.2712497050043,1482.9240287590092,1442.798618051661,1533.9271141951076,1901.4635413209007,2787.7862294044667,4713.511027351351,9356.727012279174,28391.91502045415,-61770.416605279934,-17106.436783871017,-9933.620969638514,-6536.880964422984,-4297.966661453047,-2597.420623098073,-1238.9373680976425,-159.21069560305767,666.5042880627709,1252.1830143234342,1611.6353393600527,1769.6710463495372,1760.0819928015621,1621.8807461325441,1400.297863921138,1140.3340414560764,881.2074074890045,656.1982769727557,488.017737374528,386.4970632247504,351.5073211151173,372.5372121624378,430.4813246563188,503.2407173686012,567.5398249275224,601.7921286011059,590.9141345169148,526.6379706635012,408.03000041293166,242.9539506126426,45.2718645404786,-167.40555341500948,-374.7510976190531,-557.7992340790728,-701.3914739406168,-794.6893365323683,-833.5835275318361,-820.806385565381,-764.0758312025658,-675.9504218335511,-571.7427160566198,-466.3412349850243,-373.3481696722813,-303.12588135659814,-260.75422699723384,-246.74100219850206,-257.0106778219691,-283.0686186296799,-314.53728545276056,-340.51076350120076,-350.60410275507166,-337.48688099498503,-297.5324142464485,-230.7105383269608,-141.41444180455872,-37.26175616826581,72.62377816479511,178.18454573604595,270.4602188863313,343.35199614870504,393.66739568357866,421.9472517912762,432.4024413576213,430.9372895360191,423.8518601977074,415.7547995923778,407.9809282365959
1511148048706,3,3,3671.152657244267,3484.949420232283,3145.660274470389,2633.5413688275135,1948.4632447630443,1116.5030615425944,183.47117005099625,-784.8408694617184,-1708.834596760233,-2512.83657930093,-3130.90455473512,-3516.1012890782886,-3657.5713770359916,-3578.9435475629048,-3338.1983224361634,-3034.0547526353353,-2789.5490433481796,-2740.1733289791464,-3033.044489664809,-3802.9139780462833,-5162.124382454583,-7213.417828223828,-10044.387751878334,-13764.762481673833,-18635.83625029995,-25375.81113843095,-36540.383499124764,-67781.20055860301,257565.55533970273,19272.151006698266,528.9060165409329,-6395.511091999063,-9549.416555499503,-10776.32694167192,-10813.863938386332,-10078.96586338286,-8862.337149939702,-7411.069569133052,-5929.32009183873,-4571.916917507923,-3456.552042299343,-2650.778201313954,-2168.274846477025,-1985.5885175258372,-2042.2957563149453,-2249.6067835746667,-2513.216455587474,-2739.4967428293576,-2845.632208557428,-2776.9591365648525,-2506.3805210819896,-2034.9691421547839,-1396.391654111436,-645.365956301496,151.1837051093412,918.0524366632845,1586.7532471613074,2104.0562600784974,2433.295456520287,2562.6138327848003,2504.7684187770906,2289.9486043882594,1964.9726825562152,1585.6081867344344,1205.2022563332923,871.7595906021232,621.1970372225286,470.38307961414364,419.94037656308194,454.434901313686,543.152787645947,649.1216027616249,733.8901059898553,761.2050787935317,705.8140337338854,555.6933944410341,311.7012730248261,-9.496376343692992,-379.4501393300701,-763.6766276217985,-1123.4684581289405,-1422.788793988817,-1634.40534237432,-1740.4548171933634,-1736.1450782395088,-1631.025177770168,-1444.5007222685165,-1204.4824870740456,-944.1151537500607,-694.572124189032,-482.6106959827475,-327.7887416828795,-237.84602468412714,-210.01301268838617,-232.4768107259019,-284.48072116240996,-341.65084277032724,-380.1620176771463,-378.41903209243543,-322.17616972259555,-206.7499383425668,-35.82740797374056,177.24236964174995,411.45669565553266,642.8926873427794,846.2511640535945,998.5874770273837,1084.012534313227,1093.9469243558497,1028.4730066389563,897.5447500915109,717.6041241527695,509.60382840886655,297.31182035316556,102.28656453625766,-58.358131343120235,-172.83677838841948,-237.5529163372184,-256.2725049555242,-237.81133631628006,-195.64192648337456,-144.39856875866104,-96.18473490682989,-59.95699962493444,-39.244358265625266,-31.28609349605841,-30.19275148012084,-30.89672859464806
1511148049007,3,4,346.41813910223493,254.42393237062487,182.26121381123227,139.22181784121332,130.7567410234342,156.83876081930273,211.20926492447626,283.194414063213,358.01916263858107,418.2245565652659,447.365053271664,431.3598655929609,360.3224056355227,231.73552876004527,50.105996226500494,-173.4157676446247,-420.5391052012045,-669.2541509400022,-896.7176397615425,-1080.5949607223201,-1203.6722238660566,-1256.441805253496,-1236.9521813409492,-1153.2314568092659,-1022.4896018993968,-867.1918034630474,-714.2203506347028,-590.8785125440676,-518.7546540868443,-512.5263833907804,-576.4626203006244,-700.2343165396076,-861.6040938211509,-1026.8701384415267,-1150.9351098059774,-1184.9527718383267,-1079.7830224194345,-787.5671608346391,-270.37130456873035,499.2865403372817,1542.9315396237025,2875.191368323083,4520.318754667365,6550.334305735261,9159.27824900659,12935.067056603142,20131.340117105083,48707.29064396763,-58370.1066439927,-13307.812991105524,-5636.235095939416,-2659.5084106526797,-1297.2971683365274,-699.9121936356937,-510.3081828592847,-533.9459755680704,-640.5172294612245,-742.2424179837836,-782.9714330388559,-728.2097952789336,-567.5023175657332,-310.8479253425282,19.40155721695207,389.27382864649553,759.0184121090008,1091.5692835258817,1353.9111280311267,1521.434496570735,1582.7970328453268,1537.7940586331263,1397.2822260687535,1183.0611295467043,922.1373337268817,643.7430616512406,377.17747945211056,146.11152787319926,-33.18853642099666,-151.99521235343246,-211.4581723221015,-220.8399986904662,-194.49674777654286,-151.16625270224242,-110.19342425993761,-87.83380309528663,-96.65266004133156,-143.06462997579328,-225.98435530702395,-338.75424224629876,-469.46037030078827,-602.2659474009298,-721.1447915388189,-811.2915695774257,-860.748254275652,-863.2493504126599,-818.0721985707962,-729.686640452831,-608.1632000020888,-466.79211513525945,-320.0077013452334,-182.50054631822752,-66.42409212928709,20.19643905845787,73.33465909544445,94.09391369269517,88.26637326968184,64.33583128333625,32.90261167568869,4.963564245497443,-10.55800769182319,-7.25707690484152,17.771365090785984,62.87963252678217,123.06832767093394,190.69027492951233,256.05741584756186,309.81769735879607,344.24920859353045,353.9475058053562,337.5445979657618,297.75542550979964,240.52111831854307,174.86519249473892,111.04919395610229,58.13854411944446,22.57772593050491,5.600415811239934,0.8253277757511279,-0.44432501164658467
1511148049307,2,4,-98.96215081805845,0.2601725391908172,107.00753650840049,212.45159994908187,306.6246985939548,380.39357084844465,426.06760465379455,439.1036364599753,419.2570792979947,369.8513236643925,297.9244321546714,213.60362215150298,127.76358250479652,51.061468838145174,-7.367261628465971,-42.24057943066273,-52.29002455784014,-40.313427698043256,-13.81164282884917,16.8406842352238,40.0787615563182,43.92212596685721,18.752320169246552,-40.95387201705065,-136.52491009791473,-263.5727366493664,-412.2361322760982,-569.2798419084718,-718.6203596285005,-843.4857451407046,-929.7496384941859,-966.750042363323,-949.0656253799058,-878.513573121176,-762.7844393213825,-614.8372732804874,-452.3069963715942,-293.6615914394209,-155.998233455429,-53.605593094186666,5.84473208080607,22.101525760806283,1.586672645205578,-41.476703069134466,-87.5904198131407,-115.7540617158078,-104.61217031472931,-36.72819610445552,97.29981150286011,298.87433773901415,559.0774636826162,857.7767469993332,1167.7729985119986,1456.1695361711056,1687.1043562185118,1828.9609710639838,1856.8005227853432,1754.9966109347743,1523.1314867410433,1174.7027328071126,735.36437923145,244.30306316737745,-252.9329129755248,-710.9265706300922,-1085.9007986274041,-1346.2523168485286,-1480.1311016931131,-1495.6726739585743,-1433.7362219273048,-1380.6473913221637,-1484.977981368778,-2042.7993302020782,-3800.422658512076,-9797.106505612304,-92396.82076595802,25302.780064959963,14232.096965031818,10731.105191012293,8693.347908688145,7094.44767788789,5656.29703478887,4304.923192910363,3036.0660342522815,1879.1579100123815,871.0315898193727,40.4342721400949,-592.2682925299932,-1022.0199559337257,-1262.2068292162976,-1338.027098096382,-1285.8966104908425,-1150.5809405929645,-976.0473753701666,-802.9068543806649,-665.3827528601317,-584.9315087805577,-570.9128111188604,-621.5466969054158,-722.6972561815468,-852.7352020615812,-986.7628729144529,-1098.1227073669274,-1164.0058835433915,-1168.8489272834297,-1104.2226059753054,-971.3739337019584,-780.900817738396,-549.2695066111148,-298.00654469982925,-50.7591682372051,171.34718687032304,350.7778988669296,475.6528366057343,542.1998208813418,553.2318751907305,517.3630479261288,448.4665819824182,361.92478628006955,272.4662968585667,193.02271299883563,131.67907640821426,91.21107793244727,70.19925839427157,62.90264521291151,61.796217904862985,61.15992768932297,58.88834606161222,55.880699902505796
1511148049607,1,4,128.44660646754153,74.5650387509093,18.545640227323013,-36.45489641625454,-85.53507010240479,-122.49590395993151,-141.11463142693452,-135.34945095397356,-101.09628948589737,-37.800624137678,51.840037369749936,161.17748234332953,279.64910724240207,394.90789219851354,493.6978145140982,563.2101629354877,593.9221004965798,580.3034522209773,521.4102535222712,422.29645255601326,292.6838887950872,145.49756539009184,-3.6880570919403333,-139.6925877415542,-250.06171371961142,-325.69712341308093,-363.2730751204422,-365.93731062434694,-341.7451346090048,-303.7372933094871,-268.09270405012956,-250.44220032986487,-264.70509021396686,-320.65919709198505,-420.7663117346341,-560.7225347809594,-729.271358279143,-907.8823953105206,-1074.525412017304,-1206.0943878163453,-1280.1220576593405,-1279.840431518038,-1196.2966814255476,-1028.634768345165,-786.8876307695238,-490.52301569410577,-164.879053079114,159.48629905898756,451.6787952972237,686.2497856394449,844.2816909557326,917.8494772101238,913.6176971764851,849.8936645536892,757.0164718720649,676.1954789587497,651.2919690593222,725.9302716181767,940.0199479441065,1319.8763778781288,1877.275149624402,2609.3421161186843,3491.979028076965,4486.273419347039,5546.4381409303005,6619.523806067025,7668.122147297166,8717.546315902304,10024.801511360118,14623.76992508252,2950.1826304457163,6118.304395718433,6342.193711730184,5951.287565888042,5284.680724724548,4483.034884108677,3640.8336940624176,2838.254209138946,2134.085079751045,1567.82890188687,1163.3842124824225,922.1770231010751,827.1700240092962,849.7254765502279,949.1065973360287,1079.839272061895,1199.844427530453,1271.3318058915893,1266.5395183775859,1172.2053193867807,986.9317618485107,721.9792256578245,400.42130615098273,50.715332139451654,-295.81057884150425,-607.9811610482287,-861.0901243913695,-1038.2281792917001,-1131.0648335240119,-1142.4408847351012,-1083.9144357833184,-973.0366564909986,-832.525798092961,-685.645118217001,-552.6474482520367,-449.9731558593849,-387.0788093491318,-365.37529632047733,-380.135027245476,-420.41011890854384,-470.8903777951284,-515.7913977885416,-540.0631456325474,-531.5860567113104,-484.1058565779063,-396.8072682538058,-274.3292008552033,-127.00532093865023,31.9862556254221,188.5439397087169,328.8364603705888,442.5206867612846,524.0269694456053,572.4038492295364,592.2869932066277,592.4204299333113,582.7387206355506,570.8741057601603
1511148049909,2,5,1055.4953416698002,1071.2750694318709,1052.669059532656,985.9404930816029,863.087984503296,682.8978958720364,453.7150088918016,191.98140802293494,-81.20737918364529,-341.10886767308335,-563.8722394745439,-731.4285647346356,-832.2161810658569,-864.2671800513341,-837.0429876850437,-768.0195605944497,-681.6741489110796,-607.127173915496,-571.1847903144194,-595.5921439088658,-694.243985280062,-867.4143165893428,-1102.4389348570667,-1375.2607157449715,-1649.587890948274,-1883.2733647680134,-2034.4326178457504,-2063.665663286479,-1942.4716510716848,-1658.6476335156874,-1215.345873307006,-635.365879892387,39.7761617251551,758.1831978403247,1459.3005275099395,2080.889881184121,2572.17020023698,2896.3651425522335,3037.3161649160725,3010.6145613101116,2859.789104122974,2657.6356998560977,2514.3513218494754,2570.579666665728,3008.362193025656,4097.061128639993,6289.795176317631,10618.439220359862,20694.950952687315,67246.29894564109,-79377.51146041587,-25050.425445648965,-13443.969491464977,-7634.810996090441,-3826.965655656165,-1058.306074450624,996.6154949531134,2465.0321207933926,3422.3116832765504,3930.086240356291,4051.4596572415167,3865.7538146700012,3459.743977354568,2920.246089734261,2334.4121971477725,1777.2760255381052,1304.6483911454739,954.9193217569859,742.9612849456194,660.4731869314894,684.0215893730993,776.2136940995838,891.7035183087204,987.6880362763953,1026.3802981421127,979.8481490225216,836.371459594382,598.1777045089493,280.6444489703532,-87.74060206042034,-472.5765665224469,-838.0060553980112,-1149.241363075867,-1379.6747642883909,-1513.4458338552663,-1545.0307850557526,-1481.8418575691408,-1341.9302472256609,-1149.367448252521,-932.989635829564,-721.5868396061024,-538.6764139231874,-401.8101403868558,-319.81336846797427,-290.99185927936094,-306.0799769080977,-349.2347229267839,-399.79064575414185,-437.4900780539488,-444.6168964934042,-407.7992478543272,-321.7078763863947,-188.71736845756598,-17.80507907578578,175.14097672815745,370.6977487273808,549.1773798661452,691.7804811938267,784.2077656098521,818.8714070380425,794.2815325063656,716.1297685835187,596.5374943734344,450.839738058377,296.4712032924612,150.691117096723,27.05185988619352,-65.11107420594506,-121.55049777248941,-144.3466351584767,-139.8826706176257,-117.31078802131319,-87.59444843392949,-60.13051264184688,-40.9187666892438,-32.212534034878345,-30.942510126107926,-31.833893848816064
1511148050209,3,5,102.8721627955083,86.69222160299034,69.74128102029007,58.524711191161494,59.56642819195188,77.69474433722219,115.27773944856344,170.3289663346271,236.62011829092205,304.98038069476377,363.4133438309365,399.15165190548123,401.2817625640902,361.39366655719397,275.57526948765906,146.06130296147387,-19.86661393697936,-209.86835673874452,-407.2056984938529,-594.1201110801194,-753.3879908263938,-870.0085514070124,-934.8389752291954,-945.1554484793418,-904.6680087732865,-824.9198315070355,-722.8505457979068,-618.0140195676487,-531.6710172702992,-482.3007878032371,-482.034117637828,-536.2784717231909,-640.3650778708289,-778.509235848226,-926.9530697332038,-1053.7798499004757,-1121.4353747716098,-1093.218502233817,-934.4669016887522,-615.7514013691873,-118.97610508529806,565.0840836246105,1438.323203250513,2495.493086076434,3739.7058878644148,5205.498307498729,7007.215566313377,9517.092599701824,14136.419656780066,31019.10114917232,-48863.14226012512,-9608.009245504141,-4039.990169772314,-2045.3711501133646,-1216.141529026429,-906.3042194728354,-849.2285139803566,-899.8737365440566,-964.9782526133018,-987.8031813214033,-935.7535085593064,-794.3729466877251,-568.7118957994603,-276.86996574742466,55.27485083382007,394.9587730005425,709.3841030321262,970.6218311525166,1156.0921122705445,1252.8498238728323,1259.0726197504905,1181.387425088096,1035.1982761126148,842.5747208461403,627.2972685976698,413.3853560794834,222.3436646127527,69.17799123625042,-37.516337699063705,-96.00951191487962,-112.36149290808193,-97.60467884232526,-65.8258511344338,-33.07074691307962,-13.656794386539516,-18.32626053287748,-53.864066995081615,-121.1101967143603,-215.29159962742162,-327.78019663981325,-446.33044079252676,-557.2064996552239,-647.9106626217406,-707.8319257350157,-729.9981879378936,-712.5832274501847,-658.0114322624917,-572.8857329347336,-467.529518900875,-353.55122782002337,-242.6797007738786,-145.69262783658684,-70.1766761999954,-20.144846425460972,3.881270319212793,5.519460263714815,-8.723680199394257,-30.910613688250255,-52.17886462417749,-64.614272099224,-62.67355613411072,-43.22367446987491,-6.4439038462621,44.119621916652484,102.8889552849741,162.68445781432126,215.80002941470786,255.92947080310785,278.70719861261824,282.40559711618687,268.86640524643343,242.68049019808004,210.31711152355746,179.30306211007849,155.80488557236828,142.50917313994398,136.94481340272398,133.88121502919552
1511148050510,1,5,-279.3824807880196,-192.13637657760617,-81.62395031574259,44.61794164315182,176.0158803678169,299.73266543825116,403.46973901185186,477.14295146190307,513.5976265502261,510.6623785166314,471.29085580064094,402.4099950009429,314.98215875257074,222.11588397324658,136.39666380210613,69.10325787379021,28.083475988607233,15.789660894078628,29.96983696672686,63.39580843228272,104.16937397066603,138.6725648944561,153.01550289802054,134.57809027267191,75.38290395449019,-27.132781178879117,-169.9419257078087,-343.0947369186533,-531.58479904943,-717.6772517921346,-881.761495919526,-1005.9560102050742,-1077.060056921722,-1086.997873893638,-1035.2017504280911,-929.2398825444249,-782.3739186892153,-613.0849745619779,-442.81257032945405,-291.2893437068733,-175.0574583385333,-105.08754949384509,-83.26631715756216,-103.43448705148558,-152.0236761442433,-208.03125081845272,-247.75372637349324,-248.17367662814053,-188.7478198791137,-56.939902204206525,149.49189997667256,423.12848430925135,744.5880285202737,1084.7016186578298,1409.6755954284924,1682.4937926701245,1868.3909891267567,1941.700591494522,1886.6984739408874,1701.3892255595852,1400.8061265931474,1012.4281519090994,574.707237400666,134.8572054704948,-261.30567527067257,-573.9318630169751,-772.8873036030992,-848.3816940750602,-812.4023449328329,-697.9450087234892,-565.603859087209,-498.7652735970891,-598.4945513257233,-992.1456547860885,-1835.1945723909819,-3330.8636596160404,-5814.32010589086,-9969.400090234789,-17687.05083808015,-37514.168956582245,-313222.4589135544,53356.068314886565,22896.93624472784,12806.006299782728,7362.966147662114,3866.236033096344,1483.0400477310263,-133.02183380005474,-1160.209972178334,-1724.987106274428,-1936.149242349135,-1890.5774484007122,-1683.3728098757406,-1402.7156022486126,-1120.615168175134,-894.8978696643433,-764.1299047339613,-742.8836769477517,-827.8378531701176,-998.9095639062808,-1221.1705173307191,-1454.8754967699822,-1659.706133249999,-1798.2936217156964,-1844.5611621642224,-1785.0376432308376,-1618.4333042256974,-1358.2864453047175,-1028.939938326086,-660.6600615360848,-288.2128748494421,55.28711089980172,343.3720850643444,556.6629875616956,686.2460695767581,734.6475657237313,712.3030921564227,636.7911161503434,530.1645023340751,413.36605516924897,304.58619323952627,217.11332902559946,156.11469927336748,120.29671399149606,103.67693641006798,96.84308004507751,92.49021709778668,88.38192668459719
1511148050810,1,6,-175.1955620019652,-129.12383881129807,-105.55464778757491,-107.67868228052318,-132.56149458348565,-171.57521744971297,-210.56403188776437,-233.75230290337151,-226.45854848884443,-176.4813740503539,-78.00193638411747,67.20958032142839,250.79861161224167,456.9109834118489,664.4447084452429,851.0720880426352,994.5498824980266,1076.3752214455,1085.7331396271802,1019.3627442932652,882.8892568696548,691.4234975227844,465.682060215039,230.01839668640133,10.167604355082748,-172.41682612602983,-302.6529988427574,-373.0035331995151,-386.7434539366187,-356.3562526935993,-300.7700614630979,-244.7390936933771,-213.68034669899112,-228.79743946634204,-305.8340389849559,-450.62232975650875,-656.8301949716123,-908.5695149897488,-1180.2367722093716,-1439.056873093946,-1651.8994605508624,-1787.8383694781057,-1822.2002038011158,-1742.9332321612726,-1550.494026477283,-1258.075406011345,-892.969264756292,-490.676474541198,-90.22829427063289,268.36737605287635,552.5930140236583,741.9924409513108,828.5402617935372,821.3159579928657,745.1272144550385,634.3361499853121,531.5392161843957,480.48724075195224,516.2551516314855,663.1718271806211,928.8653889379802,1298.4625454498923,1739.2930785059536,2202.1836865032806,2623.6900116977536,2938.8271063588168,3087.5508148502654,3020.016607261958,2709.9569790770884,2157.1173441779574,1385.9300615231846,450.8784032582465,-572.1535982709647,-1597.7569365336442,-2533.747839955638,-3297.7586759925402,-3832.8940330543423,-4108.687541323889,-4135.107749336674,-3971.320931939627,-3715.12978509325,-3509.9391164050166,-3548.1277065721997,-4058.589550197564,-5337.534857292389,-7818.914752907038,-12248.453059615225,-20403.10544019423,-38616.10092317407,-121582.76043515748,134878.46085878494,40999.901706217104,20904.986554612566,11056.797025287287,4822.689201975659,485.50197644139814,-2560.7645358301943,-4588.685346237122,-5775.510187007624,-6261.685444883334,-6186.227879400016,-5702.425833576428,-4959.371128757866,-4098.587966890589,-3250.5586831758783,-2514.4902896694143,-1956.446632293392,-1611.3235193508515,-1474.8270533054135,-1512.4595594806506,-1671.0443888597463,-1880.9873152466575,-2070.8339328152965,-2180.1040989500148,-2161.072200573773,-1988.139329412186,-1662.288312413651,-1204.3926214818505,-654.6969332203925,-67.75794185207403,500.6604983167722,998.6810059771251,1385.1687421322977,1640.407611328337,1766.5343056259317,1787.6338164976157,1751.1388080663064,1701.7453730402003
1511148051111,2,6,404.574413410381,525.2194206238195,622.9917865599687,684.0382429144922,697.4818678897778,658.3232782378967,567.3269946049471,431.0625082075673,262.4545985351918,78.01348188706432,-104.3482694316583,-266.50717015024935,-393.9660339413377,-477.86532737138094,-515.066551062431,-510.1372663411237,-474.5893733002456,-423.9965628979145,-377.29653066609234,-353.5769048753905,-367.7456826249811,-429.6885831535041,-541.7987918283786,-696.684574795517,-879.4613817355593,-1068.5764515705073,-1237.0520806481454,-1358.0889364114848,-1407.8894045552963,-1367.8643840437496,-1229.9863272966147,-997.4216631350941,-683.5372408033508,-313.427686997374,80.22764565101279,462.41503040451636,797.4039047529359,1055.4145014914377,1218.3447553289652,1279.6545083888138,1248.4054371597417,1150.444525559964,1022.3150572370296,910.1445772604516,865.4980539272407,934.3862505326472,1154.4316391069633,1550.2389380600005,2123.0270665356497,2852.554981928256,3697.555010836125,4589.103799132054,5438.818858492191,6140.237336060265,6548.741955738015,6450.4223727751405,5384.522119736225,1417.2773603349979,-75610.25758858024,19722.58977109889,13274.07440679504,10513.76027826949,8509.561824868877,6805.613508261462,5305.734046004949,4007.31589785022,2936.151708260166,2108.68707235285,1526.7918960715672,1178.1012280932307,1028.5348425624197,1029.8233044193234,1127.7747008303838,1262.6204439422588,1378.8100250879895,1432.7883918667396,1392.4988196361032,1242.7546084747237,987.0954686542588,642.1667272384861,237.00553595461625,-190.49043713139534,-602.1113798814165,-962.0049972334992,-1240.3783197329317,-1419.6079841822288,-1493.6389514835405,-1467.5607843219232,-1358.5862178833017,-1191.0965571535082,-992.7737305754094,-792.8517803579119,-616.3668700933601,-481.1011073118575,-397.57410091292513,-366.450785594952,-379.2801980471229,-421.96820916658834,-475.56733290040114,-519.5820171876655,-536.5311815480345,-512.8581996092431,-441.1648933411835,-322.407723586385,-164.05112587206546,20.68685976161133,213.69636187600162,396.04997145708137,550.1053918931703,660.9040607840672,719.4929842282528,723.3568609249157,675.6826745860806,586.0010658568083,468.0013495110223,336.7706505343799,207.9054238218147,94.71070271060908,5.942418954125794,-53.88881583566264,-85.40244386729088,-94.13117787957151,-87.85650532676095,-75.3759965839518,-64.63864436596346,-59.470296612846376,-58.720256891294945,-59.31947664592341
1511148051413,3,6,198.09343964889771,153.36817717457635,107.80243588864468,66.79831093847703,36.09462172613347,21.036938047951303,24.89061464626705,48.59858051641495,90.39632610372988,144.9935640870367,204.64008860000487,260.05969875262076,300.8897463697533,317.8099690776356,303.937127586273,255.19485720815837,171.8969911604393,58.923859399336486,-75.45807141811787,-219.61776462411945,-360.0956855313493,-484.14027912991753,-580.4510398391697,-640.9820832521431,-662.9736259149746,-648.381691105107,-604.058863428002,-541.7633096339869,-475.3560136946662,-419.24671810065223,-387.0758954297924,-388.1192827447333,-426.0939047613359,-498.940358355788,-596.8702539756139,-703.7484275377357,-799.5714082631741,-860.86840177662,-864.4925103270424,-791.5990635791092,-628.2381681248246,-368.881103437733,-18.83871442474391,408.1183444582959,889.0186413273367,1392.6796322050461,1886.2018379655503,2336.702127332153,2714.573404686906,3003.0797368643994,3201.3679653804593,3332.242362552419,3471.2182988746263,3817.561332991076,5108.1648051592465,16610.898646028538,-7809.286938502012,-3417.7537176167243,-2553.068750915194,-2234.2293611414716,-2020.1281506955315,-1785.156606624902,-1486.8056008078051,-1119.4899986077517,-701.0481889383227,-258.30454997998487,177.28307431396405,572.174308162931,898.785909791685,1137.1822574231483,1275.2549052332276,1312.4493824999931,1257.991229161371,1127.9357630775344,945.1592033764683,735.2529023453893,522.435293478416,328.78323334712985,170.90580840200323,57.748933556674366,-8.126259556269599,-31.11582030595965,-21.86290093128813,6.181158637305084,38.003090202741795,58.86633244943524,57.65572516821938,27.399760959636943,-34.23093732768947,-123.68053133121097,-233.10161179378096,-351.80690314109404,-466.85627124896206,-565.7503204574853,-638.2308273806726,-676.7050247082925,-677.9834312803503,-643.5821949554165,-578.5496394372421,-491.43661757517145,-392.99281067824637,-293.9479496697629,-204.3548351262741,-132.22764781868602,-81.98249542364276,-54.79914187755308,-48.56501835165717,-57.85880369465002,-75.65012899798896,-94.2800159599555,-106.16886107395813,-105.63448049301276,-89.47072463088797,-56.91364665561488,-10.303646268314292,45.64584295614911,105.06034241736972,161.29514733734857,208.35148470713744,242.2172942473464,260.9620975727437,265.3591563605533,258.9402944940213,246.60508603252887,233.629773679377,224.10982142681394,218.31490761336326,213.87326872880584
1511148051713,1,7,-911.2169127992308,-728.0962400969022,-517.890977920638,-285.9873550669179,-42.51570829564659,199.33627208609096,423.56360243088477,613.03139594742,753.6245203066976,835.4205122645574,854.1223378952556,813.6065811056246,724.3927072962366,602.1036663414889,466.9320347488911,339.3558563972002,236.9930027330051,173.52092281233422,154.9873643787655,178.73227050510258,235.1864892365159,307.4650421728987,373.90028494824674,412.8335301092663,404.1498774607426,332.79334166915487,192.95106344678808,-12.513078892591768,-271.4619214493518,-562.1300402083044,-857.8150377720693,-1129.6889014350536,-1349.149601462407,-1493.9837488591702,-1550.7323900945466,-1515.2592538204306,-1395.85194470159,-1211.212471088672,-986.5486742926942,-752.5452266662817,-539.7325419598853,-372.6797338763032,-268.88335508534016,-234.48784828500825,-261.8518353754241,-333.12802839823473,-420.89340939923045,-490.94298610339314,-510.3276556865806,-450.5130369905368,-291.20795595338825,-27.32332927855786,331.5042797709874,761.8959680258916,1225.606191110203,1676.6055522527627,2067.4570962195203,2352.1172446129917,2495.422772368758,2478.721611528938,2299.3989220509725,1975.5157200506433,1544.229860115427,1053.426982999631,559.5299676354833,119.54876895896578,-221.356952949536,-432.36418858629435,-503.1170093940754,-451.2229575932698,-316.23590557207086,-156.9650528383678,-49.59466880270732,-71.77705700239034,-293.677609419749,-772.7248145689322,-1536.2740238994036,-2577.1701366821285,-3856.4545270544586,-5294.3825249670535,-6778.776065567801,-8180.56538926028,-9352.493139039238,-10146.01706864727,-10430.508114340497,-10081.905385568263,-8984.035953700015,-7008.847446831469,-3881.487488526755,1223.683759771157,12117.35201354878,110478.97977185118,-32954.476791859895,-14641.595520322,-8468.89616176824,-5206.789191107883,-3342.6462178556108,-2406.1186855760347,-2152.689168586479,-2393.5366560898183,-2966.9533560286573,-3710.9473542600144,-4469.708368510005,-5115.1045780098575,-5543.050189971055,-5682.467879033025,-5508.099625005172,-5029.895758634397,-4290.379039264094,-3363.7407128731793,-2337.0643172076557,-1300.8802708854867,-343.5979996621949,465.2551549286217,1079.7788190538074,1476.7288275064052,1661.7765845997517,1663.847492825817,1525.331931081957,1299.833287944738,1041.4294131669446,793.975653848708,590.2572374230299,446.461591838145,359.9432869120264,317.42705649539846,299.402904344965,288.24530974286324
1511148052015,2,7,-570.2071249854278,-405.6096172038846,-291.57459112543955,-246.85478184654048,-276.6434630754769,-367.85879992290927,-494.9173579115988,-621.1992672623204,-703.9974913027921,-706.3132103926877,-600.5994037816596,-372.8079816193788,-29.53107104239987,405.28159982680967,894.0031469167676,1386.3688206823458,1829.6335213570671,2176.3953091318494,2387.416730323971,2440.4161793032968,2333.2648302542175,2080.557226202908,1714.8601436208235,1281.8986078167256,830.7054416526263,410.3169135542017,62.685950679330695,-186.00195598074802,-324.903075017858,-360.04086236875344,-315.6030050953036,-226.08656203740853,-131.527879272672,-73.75255348969596,-86.15306164630513,-189.5810660591637,-391.41461483409256,-680.607231549872,-1030.4923829178954,-1404.6797081848956,-1758.6058366562686,-2047.4935853124566,-2234.661852495626,-2293.18210557736,-2211.507435191159,-1996.7633933591007,-1670.2117494202564,-1266.2333711281783,-828.9186554678547,-402.5114464828644,-27.524642106409537,263.50914126553744,453.5410210462907,540.5558079522898,536.3235016584796,467.2891101802519,367.6895982376471,273.39882642366973,219.37910076549994,231.67897349596535,322.98052820990586,493.55638381818096,728.4546753088227,999.457418166954,1272.0008102734673,1507.4543637931476,1668.832274340983,1728.8809349809253,1671.2656717411107,1493.3168132827366,1209.0342693458806,844.3312297698797,434.0039457549513,19.295174856069263,-360.65420202290784,-673.3353757201116,-894.9595649797747,-1016.3245382867757,-1042.6794766917988,-990.4688807446947,-887.3847946247515,-766.7814876554577,-660.6988607899507,-597.8582419303582,-598.0011794677491,-667.3554541015852,-800.6118272088798,-980.268845980173,-1177.9035981560457,-1361.288912908355,-1497.595558654193,-1557.160894255906,-1520.7734330302048,-1380.8714632080744,-1141.8813600374867,-822.5324682291811,-451.4865604811176,-62.718134563580506,306.4239418083351,622.2781343012824,859.8823857195325,1003.5843439490295,1050.977736995666,1013.1412327889841,910.1432717063318,769.9671912815991,624.2827731287875,501.2738131819502,423.7031613642568,405.5191194557542,447.67074012054604,540.4879603309629,665.1029181044509,794.4519904125649,900.0490620892512,956.2111371881334,942.4149449230658,849.3213043330602,680.1052413120059,448.6651461376818,180.3065905702651,-92.86481430446669,-339.0112886881488,-530.3151368215408,-650.6338440885111,-703.2702922682047,-713.2905201413361,-711.0631642498456
1511148052315,3,7,286.38477001859746,335.40340192722635,390.547070557939,441.9247504930062,478.9768300952449,491.8026234637209,473.4881085453761,421.8373229749587,338.86473056347074,231.09682567240367,109.07621925721682,-15.188446871916527,-129.38036777765868,-222.3329136058899,-286.78404472352275,-319.8063833477049,-322.9911829670195,-303.3967006261192,-271.74481488589913,-240.57224162192722,-223.46217283471086,-231.95508721828145,-273.3914764214264,-350.67996764953546,-460.4008615017479,-592.7305338210566,-733.6723388605564,-865.5214556255785,-969.1233593048194,-1027.7938035100665,-1028.4089422131567,-963.5502094104023,-834.2248385040488,-648.6331505367152,-421.66030731104877,-174.5867848924033,69.27272714207369,287.30007244366016,459.27451574462344,572.2766235431292,622.2818632179252,613.6457787780023,561.1619916198138,487.70943945337956,419.80815593810644,386.5354927713776,414.2732367647628,520.7943229699496,714.7194425634408,991.5707950447376,1330.7995953819252,1699.9443920767515,2054.9234527468852,2341.555057494,2504.5125032196593,2489.6231023585747,2245.8008936344772,1733.4352515148935,920.5520563017263,-225.96579955158543,-1748.9206177269384,-3747.763879258347,-6501.904804860293,-10892.994191495583,-21052.78012265994,-139749.0145256227,26041.714930096146,10147.420595165117,5440.09661249952,3316.790119874392,2277.4004386023835,1819.2673801953074,1692.7376663658897,1745.4041360660194,1869.8571799378617,1982.4004279564338,2025.485555173309,1964.3727285980856,1782.288812357723,1483.883598478389,1090.5080858786266,633.1265416846794,151.45795328330692,-312.8920937886188,-723.6805132750068,-1050.8085745133321,-1274.7860762295256,-1389.917523574017,-1401.2331550001936,-1324.3099882660413,-1183.8109827236235,-1007.3480648809266,-823.015334390584,-656.7959838898616,-527.3365281920363,-445.34319120909026,-413.62023361703757,-425.52461061008574,-467.8469847785962,-523.7864229120031,-573.9865965673787,-600.7159913710664,-590.8360520556997,-536.0556434540271,-435.17022965644753,-294.32801696707463,-124.6206781335069,58.409135782091525,236.84286931129873,394.0968975021759,515.9596961718307,592.3237649369239,619.4448367721574,599.0410772136489,537.7969403496456,447.15908162392867,340.4383290524425,230.95555932695336,131.06156936380006,49.4685824660428,-9.514490065981828,-45.37929935017969,-61.92908726421364,-65.71943719951987,-63.47660957847503,-60.984787776573725,-60.638483604922214,-61.2750972542617
1511148052615,3,8,160.2114989043308,131.098080163124,97.87835151768346,63.40113187889067,32.0523906802477,8.693481676179937,-1.5762074578332563,5.224814475977224,30.595634672194617,73.65316203640062,130.52841298306456,194.2178819861553,256.0985464201785,306.5757879450981,336.0340909757731,337.04565592927463,305.04430718988056,238.84021713401125,141.88076726072217,21.433555381286773,-112.47870074974051,-247.3755370667516,-370.60466255299673,-471.2823100707718,-540.8558960708871,-575.1481913615438,-575.2341079689547,-546.3904540429855,-498.362566156035,-444.1709408405327,-397.1651771372748,-370.04661696351866,-372.8625388096533,-410.04293118428865,-480.4777504137386,-577.0483102832161,-685.7753567956589,-788.5991614622989,-865.2693049778185,-894.5066826383354,-858.4993776449313,-745.2189361061928,-549.0065773732581,-273.93965616070955,66.3819233064226,451.4122740907415,853.1367522294822,1239.7449789010868,1581.232422069121,1850.2275284430705,2027.0457951278831,2105.8155694468437,2093.6943432578555,2016.0317700043406,1925.2776303422036,1908.1916346719802,2130.3153131680547,3016.04573796861,6429.600966508742,171436.2019372888,-10011.856682217835,-5670.515101534006,-4103.42897417179,-3113.0756292661254,-2293.8830303720774,-1539.6200132214924,-832.5254745689477,-182.58373879399807,387.67230266921473,853.8935055860662,1199.8460493338316,1416.9868209010533,1506.188441729753,1480.3956549576744,1360.1599346305147,1171.4538922909833,944.7070441377933,709.0717986717572,489.7459889539386,307.1978817454904,173.4771109987367,92.06736307122438,59.688812754114615,65.83401556879342,95.32214881409405,131.8752535155312,159.03664801174676,162.99364543746887,135.24928562126695,72.20715812938366,-24.03455733062374,-145.50607507094713,-280.92730264438393,-416.8326072547096,-538.8987742978363,-635.0258465385779,-696.3044367286818,-717.6026080494164,-699.1106691818508,-645.5093562851027,-564.7762008048938,-467.9141523374983,-366.77413455395,-272.16555850381815,-193.34797355833487,-136.32384080724293,-103.04019344252413,-92.18901454601907,-99.05370226818906,-116.28361116871932,-135.86414818716358,-149.78273934584615,-151.1609116630896,-135.90326230966005,-102.61914596068506,-52.68865286056419,9.478417267074146,77.84750043485353,145.78643364985834,206.65062183548693,255.47933334977296,289.73159906695025,309.1424454242334,316.15415672218586,315.02089341816014,309.97147563634354,303.93602970055485,297.99173616563104
1511148052915,2,8,-909.5063513536335,-932.6891191453583,-879.7145639551305,-744.4434810871677,-531.4436366245301,-257.2584149439191,52.624303489026694,368.8060170737128,659.7461294515123,896.8812929855491,1059.9271245309699,1137.2667991505866,1128.4627249447576,1045.4968423822024,908.4925240005949,743.8583112388404,581.5137847469662,447.87944085418474,363.2157114951175,339.5317964444543,376.0602046970642,460.7536571234353,572.8443129303098,683.2198624007051,760.5309657711814,776.7688392047556,709.0639529877188,545.5142256731061,288.1509334788392,-49.35978816321366,-440.80417907469996,-850.1340874190277,-1238.831374406573,-1568.6278418163145,-1806.507848937142,-1932.0373741498986,-1937.6458002067359,-1829.7468873508092,-1630.6060813016547,-1372.352316306256,-1092.5841186223415,-831.5789720916854,-623.2650674036844,-490.56652855640834,-444.46425950898345,-478.8270234337009,-571.798149257528,-691.4220186061715,-796.78526474695,-845.2202958963428,-801.4933914206015,-639.8882689774888,-350.2129255059763,57.20622429462161,555.8300272180369,1103.921768293271,1647.2479290078002,2130.3024830456698,2501.7251118733543,2719.2870463249765,2760.450286063039,2623.447017674696,2325.9606181708787,1907.742200585657,1422.4680966331018,928.5099799961515,485.5322982609931,142.41552046239957,-71.75994946736498,-147.33971243420405,-99.99907184718975,29.568249984220163,186.46238159572178,304.9867037140173,317.4721723427206,170.58159864023028,-170.54296881692648,-715.8952794134728,-1440.8452208927754,-2292.763979990597,-3196.189186608053,-4055.12147203295,-4771.462510058218,-5257.663387536954,-5442.462881146755,-5289.049772518279,-4800.769582096268,-4015.703860184145,-3011.906333372521,-1896.7972360411509,-786.2884304704679,201.0999328658071,963.8715218052683,1441.3474133670115,1613.9856067516941,1514.1825369493902,1235.5933702164618,912.7430514450335,713.6319741621113,831.5585110510378,1447.1352367833367,2714.2264943813893,4751.8808558770925,7608.975496650075,11268.541024883887,15665.827447598293,20677.966800793354,26177.110849856774,32124.52498053312,38695.70855278545,46802.14405161772,60419.23448702048,112015.8585950084,-79599.62354568658,-1402.8173324629604,10413.906340079511,13520.368508988879,13545.18810697857,12185.702977668683,10230.976512401057,8143.259181697656,6237.874925475403,4692.595239412174,3572.139087439079,2864.2533884787526,2473.6807760707793,2252.7646130282837,2089.5586570224514
1511148053216,1,8,662.872677432745,535.8101206068847,406.9862689735137,303.1008418036944,247.79785147850885,258.25889662535195,337.0978059640406,470.638001351212,632.0575633667542,779.9442504159568,864.129101319447,835.3302809343223,647.5684811829921,266.7261205071786,-319.90392634948387,-1105.2100717367546,-2058.5386743045146,-3122.9478241616434,-4226.28451964566,-5284.742769461632,-6206.512232248927,-6910.003164310739,-7328.631933074775,-7412.555747947282,-7146.740994124038,-6547.210363551256,-5650.174240024001,-4526.071948223451,-3250.4692831062284,-1574.944706137286,-1245.4478177940143,-101.2293281825749,656.1556781825095,1088.8774374815073,1189.2654525659232,967.4292843239318,473.036790115476,-226.51642451838381,-1050.4732212793137,-1903.3257447167098,-2695.665997401076,-3351.510970233529,-3808.551730200758,-4031.498691297778,-4012.743323242914,-3766.2027126839826,-3330.3355792217994,-2760.764314753798,-2118.8398019999822,-1469.3260436422408,-871.3837435367178,-369.1271957717785,7.870993439920082,248.14076267814772,360.45607596125916,366.9883415036155,300.5729444775514,201.35267728765749,107.31222608740421,50.68134824233339,55.455317680834604,131.51119407711036,275.6219414024612,473.9428404366886,701.7554115792667,929.0877326026131,1126.220565720326,1265.3677573585687,1326.1515898973425,1299.0088604310497,1183.9007332252047,991.6846481939242,742.9149642707733,462.71248485814914,178.91819910663224,-81.2478350837093,-296.58870677681824,-452.79396762765583,-543.6710460740446,-573.1626957167097,-552.5967411079597,-498.510576010111,-431.50212143489614,-371.47515643397566,-334.7711202498346,-333.3048931504167,-371.4575903298958,-445.84246301590963,-547.3175443644978,-661.0192658566314,-768.9743383416264,-853.9689748849316,-900.6284361503807,-898.0221408822231,-842.2353898185416,-735.4688615586095,-586.150355128182,-408.62548751236307,-219.77289023503852,-37.22873875277523,122.1759463884593,245.91166633699396,326.65837683286475,362.35809511207265,357.45833624577045,321.31791031340447,266.0330904837766,205.7245957894429,153.69022731674903,119.98405259424914,111.17527603391832,128.77681167811366,168.82594825353073,223.78513086422805,283.1169577719654,334.8063132346814,368.44608621814626,376.2483349999557,354.2616602881689,304.1739702315221,232.39266416780433,148.96816440072257,66.75577037472256,-2.0010885028418746,-48.76140816549631,-71.03000115965912,-76.332179399786,-76.57447895252282
