1,12.220266780861412,-100.26872108715462,-214.00827731511276,-320.6755913374752,-408.82454711317564,-466.3431716747617,-480.9169082788976,-442.2000661277565,-345.6278109785685,-192.57133200393295,8.907673729381083,242.81025936903714,488.3075818682681,722.0073549705075,919.3768320929532,1059.7209584853954,1128.8033700089138,1119.4386031417505,1034.5041801032903,886.3051977457887,693.5326711052063,480.72300300566206,274.25267207726256,97.12193811402601,-32.30332044553145,-103.83936713195874,-118.5366985883701,-86.45295200906239,-26.30395412003824,35.84991685367884,72.8821018979421,59.62115590588959,-24.315387528674982,-188.34810044678488,-430.179594284556,-736.4143053078607,-1080.8357005652376,-1429.0080451950262,-1743.6237587561068,-1986.4843272278335,-2125.7471492024038,-2141.536630288653,-2026.0346878969913,-1787.4301128752911,-1450.2181747752666,-1049.0649187512074,-627.0759042265008,-230.64044105299706,100.62988223093528,336.71095835406425,461.5766257607662,480.0681835174757,414.59431938413206,302.7424001329039,196.79148379002217,152.5542102952722,221.5072785378074,447.14111643509744,852.3957068378344,1434.6829772531814,2168.136028106014,2997.9327738375714,3845.2132168398925,4619.679098568384,5221.517910265989,5553.84338225772,5539.93465850535,5123.373333725335,4277.40923737992,3015.5618260096676,1377.227242537768,-576.8455410538481,-2770.997670314477,-5162.680854160979,-7799.982063469643,-10973.486190130801,-15910.723955324416,-29915.27902836731,175228.96704281203,16249.987216419877,7809.010370282797,5624.9919595098445,5229.394361271921,5531.013648600474,6057.6375640156475,6553.876078276167,6857.072546358422,6866.35454163939,6545.335530158806,5901.474547894486,4978.186673503853,3855.285062828797,2627.6686784249796,1393.5670426186496,250.49752505986427,-722.9491097873405,-1473.9089971093044,-1973.4040865634659,-2223.8089593853892,-2254.989511148327,-2113.647793170711,-1861.4862899701347,-1565.1781656186083,-1283.738358785253,-1066.431022185278,-946.015509205688,-932.7282927676528,-1019.1446993539575,-1181.311937478446,-1380.8194331156708,-1575.2756149376532,-1723.2136917837213,-1787.9544184256354,-1746.3968580215806,-1590.2034677904694,-1324.7040721295173,-971.0479492939321,-560.9634725628882,-130.47421212499773,282.23812847661657,644.0603633282552,932.5690975688907,1135.8596840032824,1255.3506540872581,1305.3585951736607,1306.802936824563,1283.848920654682,1255.6788565848897
2,692.7196119319362,662.024847188217,607.9678407172285,528.057224200258,423.4880831052768,299.94668816473876,166.08039405510252,33.16786191849799,-86.44100144249909,-182.43937773432307,-247.39816670481062,-278.06217886903426,-277.283845624289,-252.81648642634775,-216.3807450526443,-183.2577301186417,-168.84295309766227,-186.32330809208122,-245.66925712428943,-350.3603515173786,-496.4844226358489,-673.9105739315497,-865.5377688971896,-1049.4532946030984,-1202.8904420746935,-1303.428380029058,-1332.5704692587483,-1279.8802274084255,-1142.8502934374887,-928.4688759652134,-654.3124784217551,-344.48380677391935,-27.720749609765292,264.7300090645659,505.9850095378143,676.3166204608442,764.9633597649167,775.8151471130841,726.8069567832365,647.6353330408963,581.7233331352659,580.784551575007,698.8757991710402,993.5741670631759,1520.3137724007893,2330.311188037408,3484.2692491760195,5069.2604494327525,7254.659548526916,10493.576876081901,16346.617574107055,34730.618238716765,-99173.97542131494,-13783.525633399628,-4523.312387101906,-864.212306496409,1000.4271044038761,1977.7881086464067,2409.6598682543886,2479.797596548265,2313.9366416839666,2006.5789066629218,1638.038298409257,1274.2663097038164,962.2836006303231,734.2614587247052,605.6173915089437,573.2911845807483,622.2064966190303,727.3767158562185,856.1816463115798,976.3499115865608,1058.958839162293,1080.474176203359,1028.1110334850077,899.6629580763145,702.0024502837742,451.9925763348458,172.61538236994255,-111.20990234252534,-373.874262442633,-593.5000282512605,-755.1907053715967,-850.6904542701033,-880.1096137285036,-851.872287921671,-779.4493415795912,-680.3147165233275,-573.7241872983768,-476.5774546085404,-402.35073058232047,-359.7449626602209,-350.5290741531064,-370.8041518275904,-412.0862766106562,-461.6792449949398,-505.8189099054931,-531.8434237927671,-529.0300595097514,-491.183876807429,-417.43781855219754,-311.37556104912335,-181.48435400932485,-39.799492444846194,100.62948421263509,226.53461292290612,326.3731873107143,392.5377676279454,421.27425197276534,413.2388255630569,373.8541030766099,311.44434936179834,236.2296512012111,159.40461304008812,90.69994396043232,37.46496813358937,4.33535978885351,-7.983032708820225,-2.0771338839112197,17.376040742290222,43.891776102717415,70.92865759752675,93.53399835782182,108.50167890489773,115.28252106291194,116.04735036414877,113.87597477503104,111.03296209637703
3,-57.06378446152072,-51.27719674398967,-42.71495385567646,-25.714618735627216,4.687242008924564,51.9709109541862,116.37408656136432,194.0834685418944,278.30884897084997,359.39421342531944,425.8889285046675,467.11748740041514,474.07891322658384,440.76479944398903,366.2335730215255,254.20895751010178,112.76573494556708,-45.52474687370459,-206.0796994143039,-354.22440965817043,-476.1480285880193,-561.9388969632574,-607.0194899832111,-611.8651969842631,-583.3288682914414,-533.6763364454052,-477.8260389337493,-432.60846527897706,-413.9598198587434,-433.17310479623575,-496.3742029277949,-602.584730323454,-741.8482607709586,-897.5883514209951,-1047.5181614847806,-1164.7283545483717,-1222.9817401460652,-1199.2613168695418,-1075.5764800139677,-844.2377790464697,-508.45796864171075,-81.27659569588555,412.2052782104501,938.6444207670021,1461.7538506147077,1942.8709915446677,2348.2110077506304,2656.5351434628456,2859.837706362118,2973.6090359972236,3051.752340296758,3206.9872825476195,3710.4409062407194,5476.023059220799,16121.728041149627,-19188.85595791936,-7457.812490715125,-5316.053783686033,-4369.694507845604,-3710.254779741978,-3097.6945699254074,-2461.904289448879,-1795.9706398022647,-1117.3162323722688,-458.7983696845953,142.21346518409118,654.0882045629846,1051.1275961237648,1317.798942840826,1452.7266306220736,1464.946636552859,1373.3352562695143,1205.8295795551815,993.0817002832242,765.7700064723012,552.6324486625131,375.1532829947436,246.6287930739469,172.55603645399412,148.86162436876722,164.27226789492218,203.45459985808435,247.8338824617608,279.355192278518,283.75953107607836,250.90270273555717,176.89272104973986,64.93441761897614,-76.7627608835428,-235.41446467060405,-395.1494192940895,-540.5064852993139,-657.6218085836897,-735.710462346055,-769.4904734144179,-758.793352560042,-708.1517434394967,-626.9881468639581,-527.2966631538393,-421.8049545511262,-323.1568019552961,-241.42561322686825,-182.87880353296012,-150.19453680563282,-141.55473773059842,-151.23537689766277,-171.4351968259556,-192.80312399946408,-206.02856374622843,-203.93619551830326,-181.7672091703799,-137.99409701573194,-75.08020704094498,1.711289326651766,84.97301398399975,165.79180179373472,235.86142860350458,288.53435822686515,319.3960755067202,327.6595999570567,316.01131788008627,289.7413166950085,256.4371065389613,224.15195103784714,199.16837989604673,184.6266048168172,178.17208298229366,174.33442733966342
1,-1026.9253936301202,-934.0887858373565,-945.750100727327,-1047.8543557031667,-1206.183143822888,-1369.1968178818456,-1479.3971662326594,-1485.6520645373257,-1348.1618066275423,-1047.4128504177802,-589.765494649192,-3.472250205257552,662.7732973319617,1344.8680098424898,1975.6759309626113,2492.1243017588486,2842.587145184014,2997.2023304852487,2949.511354921974,2715.963101510649,2336.3233355624743,1865.4851976228474,1364.6959162644362,895.7120823691195,509.9133508379323,240.7299921995483,102.05691030940238,84.69953994863191,158.04590827517796,277.7389217184947,390.7123529232184,443.40585693349345,392.529341209037,209.95277242211864,-112.64103431885898,-559.8368369163796,-1096.107983354096,-1670.3934219916332,-2221.105041264621,-2686.493206798572,-3013.165817134355,-3161.8796007329274,-3114.846367595196,-2878.192923586157,-2479.6560420564606,-1966.3692560877143,-1398.211420012107,-838.081897511666,-344.5315404556339,36.480886718317066,279.2416998689681,380.6124031815896,360.3091911493474,259.06354301652,131.60064154503794,38.262611751657076,36.91311465918342,173.20983917114688,472.5982361100066,936.3905446147159,1539.6278744400488,2232.0203903628453,2944.2239486526228,3595.777618608581,4103.312857488794,4391.886354382802,4404.837941593381,4108.689564409415,3498.6662604055487,2600.3600891068136,1462.1731021798919,148.96726987544082,-1268.1564322206564,-2738.0102602109514,-4262.263612189241,-5976.221359530762,-8494.594896543937,-15480.82395253003,87151.07913612928,7738.6704496496795,3585.402525596457,2525.3575512526554,2306.954755049521,2377.2621463565138,2502.3753526362857,2568.4306778926875,2516.63000461527,2323.040801949232,1998.4344734721117,1572.676647161347,1085.7019065459137,587.3938889575493,124.25713932496319,-267.47905583413456,-559.8273766059799,-740.5925597439868,-813.9759248429345,-793.2538500444956,-702.2276320024035,-571.1496840218081,-427.41975541350234,-296.0106817076088,-196.30830577302845,-136.10602054272533,-115.62567011163736,-128.36594246930525,-159.58420344158498,-193.37917802446515,-215.32331071135883,-211.89993273300706,-176.55899109789448,-110.02898351323859,-17.157825714741307,90.44666533488021,197.40632463161387,289.85779937748885,354.3565222756969,381.26287648136963,368.71971140977183,319.59983052763334,242.24930470410317,151.03875861787503,60.38402821223406,-16.859276019783238,-70.73350159173776,-100.54376536374161,-115.55219231519413,-126.1401643182694
2,552.0318354165577,548.6851976526274,527.0380287804606,482.5705044580661,413.9506230125023,323.67124762531023,217.85658113403923,105.67325439956741,-2.246154560936205,-95.62190062369021,-165.9927025340985,-208.38451502532158,-222.38193246795223,-212.1494090902957,-186.22458667644122,-156.4772263522588,-136.1109143511148,-137.88931694383515,-172.13632913217594,-244.57656729478427,-355.3246392241888,-498.40174656287206,-661.6923700009226,-828.4601070774197,-979.3442973866963,-1094.4275540094993,-1156.2800051749923,-1152.5163035928188,-1077.355476102555,-933.2317580250353,-730.9669571501393,-488.2944577238851,-228.33076417286563,23.292731551542317,242.4177137525106,409.27121446263214,511.6262404578274,547.9010801573547,527.7142922645648,471.8355399625839,411.6664294896425,385.70241143325745,436.0152119225372,605.6767947439755,934.2430227797238,1455.9240581771428,2203.3057497214836,3215.2560079143477,4565.830949490369,6463.366473915111,9664.062057968307,19099.35348903816,-47671.655830366406,-4890.760122876365,-306.39627231868803,1294.7319587417555,1715.79205241347,1104.106094058294,-2384.444822249986,19397.20534731161,6236.916456146777,4187.064208196618,3044.133421736259,2215.192293113725,1589.8078742110413,1141.1971471448007,856.2866491379649,719.4204219584126,706.2530494491642,783.594162450921,913.6032026670357,1057.1374677408699,1177.4335485387692,1244.8313376068877,1239.2910540442554,1151.5594049541432,984.107682932412,749.7628622631104,469.02307083582275,167.52784366374266,-127.61578007063153,-391.6165105094115,-604.4693080862688,-753.2334079773168,-833.424340404469,-848.5614220280922,-809.2173941287001,-731.3567463398533,-633.484278482937,-534.0990803415932,-449.4326627167492,-391.10530467421677,-364.9738235017878,-370.9320023756816,-403.06603821649105,-451.00357001930524,-501.8845296220048,-542.1472643226318,-559.7068157125202,-545.8751428912342,-496.32448383476356,-411.7603050757038,-297.88408818704124,-164.29158743161844,-23.212348849260373,112.0738259783968,229.2467858713468,318.41950873587274,373.24272774577014,391.7877854626585,376.4663408646968,333.3936696763269,271.5484896869374,201.26792004932858,132.68228229864573,74.51715762923452,32.871475307143385,10.523413638765039,7.011065343549639,18.93415658253945,40.80084478241616,66.39309107323882,89.92568085195575,107.17362183222423,116.42474452178857,118.56929138553735,116.59059883247254,113.5629231236347
3,-190.4951716340201,-122.89870797749406,-47.96590577462915,31.550443307213037,111.86263154649956,189.03690311651425,258.5127997922971,315.7987000654005,357.6425444099765,381.5461606340035,386.3466534463686,372.98967305149654,343.4649291704238,300.8847616066255,249.68939145470443,194.07601871105237,137.87989310742844,84.68711871860657,36.34252321625101,-6.74533759627505,-45.028775122336924,-80.81235371102628,-117.27820989849383,-157.42891693732454,-204.77795964862042,-262.0778688670796,-330.29845683584324,-409.6032154715985,-498.3373634414072,-592.5283731086946,-687.5046884620954,-777.2984863376525,-854.6485439532744,-913.0814273009818,-946.3732620210535,-948.6238168404154,-916.3607700651264,-847.591655727405,-741.5655388880139,-600.6585154269425,-428.8070744926324,-230.87312514376822,-14.387051768227167,212.63631465761512,442.69767248258165,667.0652311140291,878.7385115540183,1074.1518113848688,1251.8137139482128,1417.7916791995835,1592.4525006621343,1820.8733445122577,2225.0235693942614,3246.923683884164,8680.91436630208,-8902.43509853659,-3011.183689495861,-1962.796527751037,-1555.7027549495238,-1325.861446902487,-1139.7544345162844,-945.6990585839962,-723.9557528422465,-469.86228700772523,-190.16324897480297,99.48619259068374,378.78192753519033,624.514773576689,812.322167051745,920.8272776246517,934.0896758987215,842.6278145941877,646.249191766102,355.08793709569056,-12.126354181394106,-428.1327547543385,-858.7259062193077,-1267.6470976068954,-1618.879151933471,-1879.3966152067408,-2025.0198912174146,-2041.9215315219776,-1927.2668343941348,-1692.980968535615,-1363.4994027495763,-972.0763830510588,-561.6466822312834,-178.66552372113284,133.95359252387402,335.9271732889175,396.82755685239295,303.8166478677525,55.99468901180171,-327.02862333718525,-771.9696581530208,-468.2962626099704,-2527.1019363650516,-2993.6937276144117,-3506.7153107023114,-3927.960809163552,-4211.254964251091,-4325.932617567672,-4262.653486281452,-4030.7066202184965,-3649.0170278340415,-3150.026980255593,-2575.6573745864184,-1968.0793862584846,-1370.1049638776663,-820.8625258642884,-348.7870751535876,26.781952944584674,296.873351006054,465.44619710614984,544.6202630634214,552.5808585615755,512.8600643604582,448.2702192017474,378.37422254534465,319.0811825164384,278.7500777177197,258.5050930685003,254.86875956908068,259.6577348128942,263.6809387456284,261.7820274732813,254.56336722575713,245.8656192633039
1,-1174.4031163636234,-1052.2725798697668,-972.5484216045334,-929.7930883012696,-909.1344337956721,-886.886355201329,-837.0962301676564,-736.8883538314627,-568.2936048097876,-323.66038592022625,-7.692140165786971,364.9039518303507,769.0366647050554,1172.3704170661504,1541.5909316535192,1844.7740916307996,2055.727254147125,2159.1705747424858,2150.5710773108844,2036.8099559122493,1836.5565498927353,1575.5007635920065,1283.1368078850346,990.0355496672464,721.8150925753453,496.4560735146092,323.3830345846855,200.86551964919508,117.6217775931705,56.07662789816472,-6.159610504437372,-91.59408254104312,-218.19464628938837,-397.79918828685555,-632.9548874579131,-915.4216433248317,-1228.3342764669303,-1547.2539808113377,-1842.8730577010992,-2086.224820810168,-2251.6503305193514,-2320.06643922549,-2282.792556440789,-2141.880408970577,-1909.82611781968,-1608.94292432955,-1267.5095872777672,-916.0340955601276,-583.9663576056209,-294.952792135431,-63.880384211424484,104.42627981780679,216.36477047158291,288.15032258210584,342.8850540729738,407.4634465542052,507.9656244286973,665.2593936710717,891.5849381779927,1187.5100651906653,1540.9371571417912,1927.5861832305247,2312.753894220507,2655.432175665654,2912.4433975342704,3043.1565310148703,3015.3229585520608,2808.0258270443187,2414.180516835139,1842.9559701055348,1116.3615310372595,265.5952934336522,-673.1584005910507,-1674.0813938589508,-2743.336888583925,-3971.245699830954,-5762.3973608556635,-10550.137757922696,57735.20887480028,4666.246984805527,1791.7906124929495,1012.4083906635982,834.7425315449965,892.3658447417178,1026.673836024252,1154.6178638386239,1225.508408675658,1210.167420140536,1102.617859998529,910.6651703897475,652.5782471912692,357.9719290559489,58.52283726471719,-215.80567133076792,-436.6327537602837,-584.5311703857959,-650.1678087620902,-631.6794229959047,-538.0900599910697,-386.6757157125723,-197.74941715582926,4.536278305632815,196.34858981565776,359.16587205363516,478.3362656241575,545.6534230552141,561.58481058936,531.3454334374907,465.0263078746951,377.28429917268505,282.04996280976184,192.0898378011834,118.5699740230549,66.9245990897518,38.18965825309084,30.33351225534138,36.436611893902146,48.08185789347715,57.88872382332662,58.610686491404884,46.530829244170036,22.768539435490244,-9.286598756187383,-43.01759142388514,-70.48095853487598,-87.93245947333206,-97.68520000578945,-104.72559949708072
2,411.87185168993454,388.79147763894326,356.19724494502856,313.0702851609174,260.33166584374106,200.8202094198282,139.00799201080204,80.60732839662536,31.19386779444292,-4.844741860741692,-24.901009026575462,-29.19240529242082,-20.930986283528057,-5.718356396632809,8.714563060501803,13.658623857094009,1.0738077733688745,-35.570023052030734,-100.00675070519334,-191.97832483512374,-307.4109542986157,-438.4572110985377,-573.8803446774416,-700.8708764047975,-806.4121515354318,-878.598484253206,-908.8733667736327,-893.050545149392,-831.674193019318,-730.8234892932187,-601.1978212361173,-456.43676544099367,-312.1055831857297,-183.1994290892454,-81.52200786697644,-14.612395248588237,16.17334675499622,16.920248818463733,0.07820003432774077,-15.921286196314705,-7.765009912611011,49.32014924058402,179.7235399282637,405.90591606497543,745.3472449618585,1211.0527183899346,1815.084146042737,2574.3716815398693,3532.257412584542,4825.5038115147245,6960.053679300619,13231.331880891767,-31307.061513323784,-2795.7152696610497,298.419644767092,1503.1404565851424,2122.440812721232,2544.7186994000854,3080.3424679479836,-30978.358425402315,-759.4742474431041,67.18990565157553,219.57188022982368,249.18595677133484,276.5836111409685,341.7895623135171,452.6439528009535,602.4927747006305,775.8767956628071,950.9436082157736,1105.458213916649,1219.711722328336,1277.5970109291468,1270.0596920378728,1195.763112714213,1059.8105054130165,874.092014953175,655.4198165245986,422.4030000312689,194.21105440370113,-11.828669839625576,-182.87077748762354,-310.84300136485473,-393.1670075317389,-433.21944901793296,-438.6011123670646,-419.9348226473747,-389.7177366585992,-359.77370062817863,-339.85502800767745,-336.88220062772274,-353.52614735008666,-388.3054164362408,-436.438605601941,-490.1392466175617,-540.13081968292,-577.4145550715253,-594.0516572062224,-584.5513641667611,-546.9132886898798,-482.36340598278633,-395.4080280515729,-293.42411684862674,-185.16560508449936,-79.8594251252854,13.789216877661934,89.11357696963245,141.9695844949825,170.95864544070378,177.8296859421403,166.7674837002351,143.52085945027383,114.86132402863696,87.29563855988073,66.06453534849275,54.831781162820135,55.02721454489224,65.7784757193166,84.60664040397226,107.77502591799767,131.06873948055298,150.96265957313724,165.05101711623138,172.46704746716566,174.18723417959495,172.2418612098185,168.68116109762647,164.83793898257318
3,-179.3024418434924,-69.55307665769584,54.910208601989446,196.80401744137433,354.8074743764475,523.1338828670839,689.9574564111068,836.4541074837712,940.8461585085379,980.3425887087936,932.8172965462724,782.7078467941398,522.858966885435,154.77307039394967,-307.5105098748923,-839.2394098131323,-1408.8529323596838,-1977.3807259924104,-2504.1606427025217,-2953.937657837967,-3296.953741833639,-3515.9810492452348,-3614.87930111698,-3619.0122741070686,-3593.731005909601,-3704.2217740742203,-4495.017317227112,-11702.706841969588,6255.6149603808635,2392.8340216267375,1664.360931900778,1356.7320961362882,1100.2226346059106,797.8810673123635,431.4998397202944,11.410298934687566,-434.09964211170745,-866.8343073643177,-1249.7073287780938,-1549.0558030558925,-1737.8293598724274,-1801.5477550211097,-1737.8613962750733,-1555.4368800339992,-1274.7194248964008,-924.1702626912748,-535.4778515741747,-141.00936924974727,230.9514167596551,562.4552372335228,850.887296283884,1119.0500068579156,1449.591572404154,2144.792095202465,5748.036903116728,-6009.779565657856,-2117.226838348745,-1437.0880986183483,-1156.664922244402,-961.1375809096634,-761.3396349038495,-528.2572405179798,-259.4864431082229,34.973739481764255,336.53337605834145,621.0673894936903,864.7734655443252,1046.0467051563958,1146.856533725743,1156.6557051146103,1072.732702006275,899.3007230938116,648.8631295314453,340.55682552940544,-2.9076410850480854,-355.62099520500095,-691.0048061602979,-985.5436561781609,-1219.1096326991708,-1376.6270943408751,-1450.9267819241097,-1441.5613666173829,-1354.5315687790612,-1203.7267710487629,-1007.8988631280163,-788.5389604472666,-570.6481441317534,-378.58548959818654,-232.99652854259037,-152.5753968599795,-149.85037860408124,-227.7479816592206,-384.06422094079966,-605.5879826636901,-846.5828645302022,-572.4846393783836,-1864.5158475377546,-2094.345897509435,-2362.2527993345234,-2582.217888050253,-2727.6768680023292,-2779.858521767346,-2731.202006599408,-2584.4662414735853,-2347.143142665077,-2034.565106267313,-1668.7443996284776,-1272.8749432428147,-872.0330614816925,-491.30747666100086,-150.96361849527966,132.97027824323092,349.556476630655,495.7251344306325,574.1800394935444,592.3536924170693,562.972912256179,500.6561091069957,419.8969685784644,334.9429740081335,256.8004280918947,192.18022812744303,144.61473691472887,113.40945368512587,94.64653507968724,84.04923677767893,77.60560047814637,72.39709984381814
1,-869.1242791755825,-752.5494143057261,-668.5741357097172,-615.6386333855943,-584.8807404051182,-560.2909406041595,-523.1823386969851,-456.25040066409497,-344.9525642758697,-181.5190119299872,33.04781513605506,290.3945887192912,574.3311133571617,862.5880181038043,1131.2456867630194,1356.5217278478774,1517.7554090640365,1601.4749177841584,1601.7413006044294,1520.7782191723704,1369.7759882365895,1165.9513068139663,930.2321422754724,685.5625771114956,452.6498511192955,247.54379745783132,80.78865079006738,-44.77960315076797,-133.6838117504605,-195.75464118289096,-245.34175920758307,-298.5088005030085,-369.52978268665777,-469.4910450846843,-604.0349287358923,-771.5436229300128,-964.0006993308159,-1167.5195444779395,-1363.4537284222158,-1531.6401545758938,-1652.7444193696674,-1710.3160480125246,-1693.7473450535645,-1599.4860009886174,-1431.127868390153,-1199.678429723618,-922.0627916472091,-618.640252319166,-311.2513610450808,-20.55655888265528,236.77754717284725,449.4930696495145,612.6648028498092,728.3118132260272,804.3274046694027,852.5216492655125,887.0301805292706,921.6985511252669,966.9309326862448,1028.3857615519116,1105.4268782673892,1188.9728494371145,1262.2732958932215,1300.3800364595002,1264.7115800879867,1090.9408645123383,618.6701453993421,-1063.2495324733623,10310.765322876501,2824.264772731319,1661.7338582690568,887.4492304875506,182.50941894002744,-524.9944110287922,-1280.9630535609576,-2175.4593444140837,-3523.4294325966753,-7155.384747838547,43981.39851675421,4071.9863966620687,1786.2134387176886,1060.0160348623706,784.9797571293245,696.6506075920233,684.8629872277315,693.7899835045671,688.2607809259788,646.2186925865326,560.3246534032794,430.86260020202616,264.70169678774215,76.91644362622577,-115.76542472174212,-296.43129436607626,-447.3288764086512,-555.5363090280051,-613.320526339974,-616.525914719424,-568.0444039066732,-476.0623780240645,-350.9771383974953,-207.01538134163982,-59.25107064370212,79.66815948084786,198.04433156896823,287.5750021029158,345.2332173221824,370.5839602228496,366.8229994543463,340.9815338035101,300.2601242367268,252.39559180952426,205.3496625708455,164.01212222998188,131.2937131807867,108.58845558450345,93.80795001929376,83.73297648042032,75.31108910447142,64.55307552345248,49.20084455127556,29.569929291331462,6.766651517571757,-15.949020037057046,-34.26551088961308,-46.48311685825381,-54.169423848843344,-60.1941084799296
2,292.22297344616055,276.48509401255876,251.21321033643017,216.67280423989075,175.1497580564546,130.7033217753497,88.5626457986394,54.23163752377797,32.34521637134326,25.73690825606797,34.77236141745035,56.92596185490511,86.94890244379653,117.49362685811646,139.9729606180211,145.8239846416835,127.85556671000174,81.33541240502376,4.955092763885503,-98.64190755156955,-223.021637254331,-358.4874641497025,-493.1039980622798,-614.2615120672991,-710.2239607620231,-771.6468514721835,-793.0315533057064,-773.5099651521067,-717.037922459878,-632.1455699727363,-530.8075893806274,-426.7790436769301,-333.84147811507876,-263.6793316382711,-223.9023052012621,-216.79878277049573,-238.42188517717574,-278.3972219751414,-320.9368171401354,-346.25057683670195,-332.4138700626386,-258.0727438175138,-104.70841838140129,141.77388016187706,489.53676572394124,941.1838811494416,1496.9750654650643,2160.970178180883,2957.7328721543754,3983.5452644282477,5615.229073239136,10325.465948461559,-23090.228322566585,-1726.0554450560348,584.5143880882342,1510.8371209876336,2067.1964948711493,2605.4855819011805,3488.6346077988255,-20894.58706598194,6528.37306953121,-15392.211722081302,-4111.930285795386,-2296.5157748311276,-1426.7825327500195,-818.149493628124,-309.8721911738031,142.13523900106225,542.104922846341,879.8337781775228,1142.1394140183452,1317.6926265862653,1400.6155197842443,1392.5652672287952,1302.2925210687958,1144.9323450400468,940.6525215789004,711.8667142657,480.85181926664063,267.66272514640787,87.75276342646842,-49.27625283693834,-139.99794798303162,-187.25492448472448,-199.1044074212994,-187.06587804341785,-164.50308483525455,-144.5597688647207,-138.17078280525868,-152.88377090252516,-191.9231628176314,-253.82664437744535,-333.080450680933,-421.01672860621903,-507.05424348293946,-580.4459832473442,-631.7332504367362,-653.9346247876258,-643.6151195164161,-601.2039243180513,-530.7601599454775,-439.49170005283463,-336.65339638272616,-232.21124623144485,-135.67603918311357,-54.84664409106201,5.149932177598821,42.224518915744596,57.45182942310785,54.73794309341508,39.947921899876135,19.98961889893745,1.7742727727314644,-8.911374641701585,-8.129233070370638,5.770225420975422,31.954971866602726,67.48980133068622,108.00111673699068,148.44632416008108,184.139553647591,211.6388436007476,229.27507578499257,237.45089593977957,238.37474801870098,235.14436095679073,230.4495707213143,225.62368629607886
3,783.3113329284474,819.0725475647989,827.5977250690894,805.9883552879091,753.2214169730967,671.4761775359616,563.3358848210792,431.1303632473988,278.4259696913452,107.04779670636265,-83.11316627407575,-291.9944371739673,-522.2486190949217,-778.656084095264,-1065.18246301521,-1387.943245518683,-1754.0269601068076,-2168.078876739094,-2636.3816044430937,-3166.181737890046,-3763.246401988875,-4440.340243989884,-5222.2564138073185,-6155.4498259987595,-7354.257317007188,-9122.119115163403,-12506.358862701525,-25722.330271127947,69083.10005521133,6612.66326789462,1380.4972030608167,-581.3287008975495,-1562.187162920443,-2095.670934933707,-2379.841104806362,-2511.1837416446992,-2541.159019068706,-2502.893122806501,-2419.610519543253,-2304.7710816689005,-2167.5100304791563,-2013.8553665943207,-1845.4647588255611,-1662.9747894069587,-1466.613507751037,-1255.5293929121228,-1029.9125025774995,-790.6312126446498,-538.1944895696156,-272.398356216071,11.570341942415553,330.5452196047408,738.0957657752565,1447.2525823264748,4348.823603614882,-4277.821565077571,-1191.2318169712316,-551.8020089441369,-259.17482755322976,-80.19972748604744,55.18737851638548,176.29422070857999,296.6283383078867,422.6323512949318,553.7005961270792,683.7404397707985,803.8793584638761,902.1307987708327,965.1274944350777,981.1005041643793,940.3377234161931,836.7559430107649,670.1198736460478,445.71888884543705,174.2727776196853,-127.79239779349217,-440.3282863640169,-741.531836219544,-1009.1947593568957,-1223.389477661106,-1369.0622009753174,-1436.8682234602413,-1424.500012177876,-1337.9087825849128,-1189.9604169058894,-999.1605147779919,-789.1112886659441,-585.0597389671514,-410.77618484445793,-288.07457869224265,-233.04045794874781,-252.75817166513534,-347.5096718766315,-506.69424016986414,-693.0563510791271,-500.48365982439014,-1483.7995963458977,-1665.799927551363,-1866.2943575240013,-2017.2074584683385,-2097.445135587389,-2093.8507433189443,-2004.0909125391186,-1835.4855071913057,-1599.634185163113,-1314.361038687086,-1001.9114304645124,-683.6530738538042,-380.5380650223069,-111.36235583601155,111.16347365141797,279.12873972061556,389.5683145752079,446.12180591126577,456.2066707542227,429.67573647702187,379.0204895950294,316.10385274594216,250.85460019496725,191.75439642703012,143.68983944807735,108.03552890591702,84.41486895933919,70.06784035761079,61.17381174335912,55.215404209244596,50.65601248857957,46.57364273420159
1,-669.6101020469576,-587.126523694399,-531.1501805223091,-499.80188599172635,-485.01160634457557,-472.7319332753139,-446.768797242975,-392.07021072207067,-296.1813093178752,-152.77533437152536,36.80625958279403,264.5511674440989,515.3947121342097,769.0519929227461,1003.7361123132353,1197.8594148653995,1332.9887473505453,1397.2406246715223,1385.6750911879976,1301.081865849099,1154.357568348289,961.8605585291914,743.4481024019899,520.5115441408856,312.1075381515141,132.89561328364886,-8.023694392034532,-109.01114464548377,-175.29607632216937,-217.3511716082102,-249.89194817609237,-288.8954804683798,-348.56484419211955,-439.7246754861444,-567.3812053356407,-729.3794053002022,-917.0548311204814,-1115.5921146444557,-1305.6680651412335,-1466.531001223984,-1578.219947027602,-1624.2209247136273,-1594.257212327961,-1485.315754459927,-1302.2798208660272,-1057.8473469177156,-770.62604393359,-463.0149420435353,-158.6653297766199,120.80471002176475,358.2783759294243,543.1643511616364,672.8553817151444,752.6281834915596,794.8652181099351,817.2564152041599,839.882538235281,882.5448952238488,961.5487357378172,1086.683884817155,1259.7965325387918,1473.0467027734285,1708.21444232997,1937.5587130370077,2121.05689225645,2196.6574528232754,2028.5605457789068,892.9096372017709,10253.572560573224,5184.165803201559,1919.4236127043885,1933.6202635337272,1414.4462774980589,770.2619843545747,32.16570209614347,-843.7604987095316,-2090.5768072648566,-5156.656956443048,35611.93582935358,3571.1548977070292,1661.6475934706355,1032.4482325101114,793.4178105053188,727.2655813836643,737.711709249391,770.9998412160327,790.5775102468737,771.241315247544,701.5676263981406,579.131144038977,409.1477097998959,205.92900003254553,-12.52807854719715,-227.00196906497067,-417.02521689522183,-566.0252794320498,-662.8744459502531,-700.8663676338792,-680.6484898301409,-609.3380793662718,-497.5645978746599,-360.21963637151157,-213.90601613355392,-73.39449605872191,47.90597560476724,140.06537051045566,198.77081198791956,223.39210891418423,217.43139411438182,188.7032032610993,146.0300238303558,98.75819388991108,56.26710093016693,24.892486441723417,8.213799229048107,7.509310816841605,20.180519844394347,41.58531699660621,66.64612240866155,89.35124836050537,105.1279677151382,112.1600807853221,110.21871510317847,101.72155381626165,91.04498992963508,81.29759250005921,73.21220504803546,66.01953436808839
2,213.98594859331675,221.24010971788516,222.37207557082425,215.82856338172897,201.44474616395465,180.64137158996868,156.06363756967045,131.20603731101744,109.72758895667354,94.55979133773288,87.40277556489457,88.26149391422469,95.11183845599653,104.20719525412218,110.50491616872368,108.21107182721425,91.82644845643337,57.00564438441036,1.2017456453385684,-75.54538919421087,-170.40155749220116,-278.0055461263905,-390.7327344159745,-499.59998405724946,-595.4841506292015,-670.0320285076201,-716.8724690997848,-732.6639405033796,-717.3544098936025,-674.41360500633,-610.5959992033391,-534.7732434142087,-456.8863075680441,-386.64617993485206,-331.6787320252862,-296.40648087249406,-281.1989074160594,-281.4500958679973,-287.94910040319417,-287.7215800881989,-264.76214963394966,-202.0378899018498,-83.44940017607992,105.12376351567475,374.1113286165249,729.7962925763917,1176.6576183091056,1721.4305033238154,2385.6462600240725,3246.6110790904013,4603.998751327832,8431.928108169113,-18238.62805835087,-1089.6104488106068,805.0323817142897,1574.4618910029035,2025.117300453988,2435.3877877078994,3095.533983587269,-16480.72910622413,5369.771331471258,-12264.908765031567,-3340.1308112314136,-1979.3979339909206,-1358.6061859254964,-923.7700582722049,-543.9239732776651,-185.42634359086506,146.9366938916118,427.7375442775856,616.7159349409205,645.5942352285966,360.4078841249802,-845.3690873394247,-17437.530136336565,5976.50188902403,3598.941410269484,2715.7144096150187,2123.3510371509415,1633.0197156947042,1201.4616176989489,821.5636363125219,495.214848464031,226.02764241469671,14.922792026835008,-141.5658480067153,-250.05612637420228,-320.05180627852167,-362.9779920874665,-389.9124363412965,-410.7178523522736,-433.1775036205492,-461.67383561877966,-497.39475376110823,-538.7199453583779,-581.3430883539869,-619.569162573161,-647.4570392111839,-659.4315468494423,-651.5101798667573,-621.9607025392727,-571.2179015156532,-502.1238938148592,-419.5387824418418,-329.3853525415519,-238.1521020132413,-152.06021780560013,-76.07428618962729,-13.639845401479567,33.638520827291046,66.22777489396552,86.14727489253588,96.54998553933203,101.31086446290709,104.1429885818496,108.08878992200611,115.2572938897658,126.37679832056287,140.8941527613059,157.361601927832,173.64745819971563,187.55329046708752,197.45991230684837,202.54124579440594,203.05904199593337,200.3474743032972,196.13732578937388,191.67508901736423
3,695.9326941632049,706.1428245259641,698.530422817518,672.63504779857,628.7284817831642,568.5486941926299,492.91056084175864,401.5431734105617,294.3446082807924,169.28314867814328,22.9824776350722,-147.32357662058166,-345.7344141488328,-576.5777615242021,-842.1247711668678,-1145.0377499438714,-1487.329389125687,-1868.3139315792755,-2288.4488115067834,-2749.0643824565004,-3251.331566364311,-3803.5605562426063,-4425.195567314045,-5155.00615216086,-6087.90377398563,-7471.133652823332,-10147.93116028816,-20696.03991941117,55162.72911335169,5187.62533763754,989.1052383885284,-605.1098240259611,-1422.0705491005845,-1881.910775635271,-2134.0599058062853,-2245.937547683425,-2248.883819738852,-2159.827930412129,-1989.7626765483485,-1743.959557267664,-1425.4217164585846,-1036.04601961084,-572.3080561269759,-20.312970378514727,658.5648436004882,1582.5898969909301,3202.338021359017,9108.953158677807,-12104.576920454234,-2879.4812831939616,-1117.9907456339508,-267.4655064467433,331.0171789528997,1017.819627134041,3376.997246320049,-3529.0464471756704,-1081.0888994692302,-589.8900907520663,-363.93414865035504,-209.80174104462466,-69.35056070003824,78.86579149835835,241.18298208969978,415.9606467652446,594.7641593234636,765.306208521815,913.8857123773262,1025.9915383308132,1088.6614021171276,1092.4392150581286,1031.726623946705,906.0169803179527,720.5233656622146,485.32372340659776,214.85371798617035,-73.01161266015387,-358.90033637541285,-623.6245114463217,-849.6474419499369,-1022.879581866978,-1134.1491103355625,-1179.7278293086415,-1161.6386945942882,-1087.8937866869876,-971.2988655329779,-827.9413378175523,-676.4859019941601,-535.7986396229809,-422.513021935724,-350.91285243398005,-330.661324666762,-364.4648512475934,-450.1573883564356,-578.0052622184232,-718.059520577461,-546.3242559500784,-1308.672317077136,-1425.9983650681422,-1557.0370262882477,-1650.2660760383162,-1691.2409268957686,-1671.0413068434639,-1588.605798212206,-1449.5696230145054,-1262.054073476554,-1038.6216646930015,-794.9486220364722,-545.9297462339439,-306.54205355621013,-90.54130004977755,92.48505193929158,235.87891828184888,336.26831719435313,395.0354997149151,416.17681977289055,405.7041286533767,372.06623339472964,323.672583357825,268.19259974912615,212.95460224358402,163.0560952221705,121.4014616236814,89.74173395869181,67.68198110997753,53.454594580788275,45.292406529643664,40.68987554601388,37.17004918503196
1,-604.572165170468,-521.294832508267,-456.2291421545481,-409.06524805258,-374.8403585591768,-343.98783348971966,-305.06237453383716,-247.20135035807505,-161.21815333985833,-42.20238222349923,109.22035895243518,287.5276387035729,481.9926199039366,677.8959747644961,859.1795375613805,1009.7333887001313,1115.504535456889,1166.9987973752816,1159.7242154844525,1094.8008562796297,979.3262026186852,824.6625595900688,645.0426691513284,456.18930182951664,272.6534324520101,106.22421420656087,-35.01006627799689,-148.02507669101203,-234.67753011004615,-300.7388516388642,-355.2035394666646,-408.40556875782886,-469.98071298038667,-547.6035418873934,-645.3512961843825,-762.689484840906,-894.608012381937,-1031.8409246307094,-1161.858816005937,-1270.657391637799,-1344.3595322460906,-1371.0320288436635,-1342.425396466228,-1255.0022098918535,-1110.5704634123965,-916.2113309011717,-683.480657673574,-427.20806447430283,-163.67907812703552,91.18060798410288,323.48062993729906,523.1583733529055,684.8108228493326,807.9737560192713,897.3336143296947,961.4626447818206,1011.3006133838603,1059.0708446022943,1115.7403587716622,1189.1347749408933,1283.298131547851,1396.2769442960405,1519.2965748417528,1637.1084617759223,1723.9964643352625,1734.8925668499005,1561.6525708819056,602.694415322299,8409.243409655548,4203.814001214051,1505.252367405789,1528.2226740119243,1078.9561393607617,476.52737783113076,-279.06101031837744,-1258.2776921939496,-2711.2006903691904,-5958.780812075005,26728.77138478129,-3276.3990780078498,-50819.03682436686,9753.051579572853,4477.337549542405,2740.3890344501747,1841.920782318178,1286.8725398627512,905.987933160899,620.5307904062776,391.2713599687283,195.11143565340956,18.26488444172408,-143.48874137299742,-291.0022004352877,-422.95424126224435,-534.2902087752071,-620.8373778040988,-679.7503557475378,-707.8692525195247,-705.1800503868036,-674.2666601229399,-618.1655844506698,-542.6622797712566,-454.8727023196281,-360.8776836682177,-267.5052140233977,-180.7851317797599,-104.09654071434994,-40.22098345563271,9.702838707637207,47.1426591282353,73.6562073837228,91.51301339155953,104.1179316191965,113.52090329505211,121.21917762033313,128.6990199679899,135.53428189639908,140.78628352222907,143.8991857295638,143.35371616196264,138.37100530253622,129.65228882536832,117.86804579820996,104.81741384546739,93.15031434304056,83.8885070908956,76.42520705632732,69.74659975417319
2,354.237514106064,362.91260300354946,360.75490623112955,344.18055166504126,311.7186192205115,264.35079230364664,205.67219945669228,141.3352657630037,77.90509426662041,21.9483481692635,-21.143060275011845,-48.35351586058537,-59.44283146431237,-57.20520063012052,-47.419734473570884,-37.82736690972973,-37.09031777148545,-53.683158665574034,-94.19601034795443,-162.21984831332,-257.70862879017795,-376.24034120354924,-509.3504344894898,-645.5434393385365,-771.1681073490469,-872.2389178843523,-936.4658272241123,-954.4975609672296,-921.5406167566161,-838.4526097578896,-711.3876448872837,-551.5386828272384,-374.10922935251097,-195.84128363898927,-33.182188769415234,99.8095794702751,194.3626105261138,248.18577720204118,266.26177715001694,262.0011101448529,255.99639265887097,274.57437505780814,349.5173868281793,516.0330807073502,813.15313935138,1291.0070985869918,2028.8472113105265,3204.26528949649,5437.197042134613,13913.225723515514,-9392.919617296118,2851.535849199434,-17439.51829720322,-2180.4772066905794,33.03270881921397,1135.6672300939824,1853.7003328705089,2440.328509888815,3149.996933535483,-13078.926548460726,5150.0527190996345,-9576.46500174797,-2206.8183464670833,-1162.7905967033903,-743.1031220799517,-473.59571097048655,-235.82857920714196,4.631267300443445,246.27412573394642,466.5268180532362,627.9335440129503,667.3641450404278,448.95715648893696,-539.859566736788,-14360.21173059012,5143.726265690445,3138.513085156967,2362.791625430674,1816.2332724541768,1346.2263294021834,922.4552536620495,544.9686876940997,221.13881320738133,-41.58942536915121,-239.80531228684853,-375.47667084822154,-455.35374824002537,-490.36487976971154,-494.04290144830884,-480.42530292267446,-462.5293502279117,-450.7606553376556,-451.69655308012574,-467.79785621225255,-497.4319310118751,-535.4659031130053,-574.5134226320981,-606.1793069683434,-622.4413020501934,-617.0279659711985,-586.2671267584484,-529.6328973274434,-449.88947292197696,-352.5831652141658,-245.29763099660036,-136.67712688980427,-35.18728486030924,51.90150837428172,119.33475643374238,164.51066852908295,187.5700678293655,191.14435717436638,179.88123701168243,159.56567672881874,136.19769103361818,115.18917778445893,100.55638822250376,94.46215289947821,97.15337767234001,107.07689574678055,121.39243673015874,136.74261071902075,149.95085218338536,158.76261938836382,162.39607388173718,161.58747291360126,158.29068647012693,154.42359187300084
3,597.0892722685888,602.9010573721351,593.7322325179799,570.2833250306686,533.868139517962,486.73970255006196,429.97175727622607,363.00747223123926,284.7238599491473,191.89935401424668,79.72095533438292,-56.24437186623785,-221.23171803001227,-420.24919017730275,-655.84143105778,-929.8545744596471,-1242.7522599275692,-1591.9063357725206,-1974.9082926712952,-2389.9070038937703,-2835.0076371079917,-3314.6352221033408,-3843.4694686332364,-4453.364368213941,-5224.031146450239,-6363.431349270617,-8577.08439120645,-17349.70226943725,45880.32909158136,4242.637650064077,743.915345717469,-593.6379319754993,-1291.7863038956252,-1698.0105190040967,-1932.8754331274383,-2047.244598052933,-2060.975745577645,-1982.0596923824098,-1813.8800474050825,-1555.9248646179178,-1207.6807812297036,-769.1910024049315,-237.20284623072772,398.9880390306434,1172.0883509778093,2186.407965408897,3836.4842788514106,9176.976398848476,-7731.077490915183,2770.2824555337515,-9075.515998049146,-1824.222796289643,-397.4840458346359,507.28783092614003,2611.474117095636,-3091.922742558532,-1042.4455018877513,-641.554031717398,-464.1081659775128,-339.46864775742114,-213.7510520099163,-66.67399819932221,106.20050244150643,300.48887801313305,504.8492745751896,703.5816359349363,879.8021108197928,1016.7632538010971,1099.8998538093638,1119.174316527246,1069.617623247336,951.91205444631,772.9691840706146,544.8655563131882,283.59430975475357,8.054548796452337,-262.02633621071857,-508.157427665893,-714.2922579081247,-868.4012368749617,-963.8511740976492,-999.373970897589,-979.0032206843125,-912.0899467246695,-811.6918536752381,-693.0054916034397,-572.7155961609803,-466.6838991382108,-387.97611821767356,-347.0574098016189,-349.9395106877228,-396.5884593155318,-483.11626740065304,-599.6430394711887,-720.0492984708663,-574.0340845334294,-1200.2288362746951,-1283.812926379241,-1375.4524417236855,-1434.1469346686008,-1449.8140558754537,-1416.8165270089842,-1335.5342778768375,-1211.3321602496646,-1051.064849510593,-864.5981438668822,-663.9111317302925,-460.093224142995,-264.1481887342047,-86.2201287246853,66.62528392705786,189.36181948989494,279.1496136875839,336.5495200818713,363.9621756915712,365.2008501802008,346.021866064726,312.3820645987055,269.9450328930415,224.5297680556845,180.691146892881,141.61463305274785,109.83763021950274,86.28549460999436,70.51297641271827,61.495200964693716,56.732365188798894,53.288576825725876
1,-175.1955620019652,-129.12383881129807,-105.55464778757491,-107.67868228052318,-132.56149458348565,-171.57521744971297,-210.56403188776437,-233.75230290337151,-226.45854848884443,-176.4813740503539,-78.00193638411747,67.20958032142839,250.79861161224167,456.9109834118489,664.4447084452429,851.0720880426352,994.5498824980266,1076.3752214455,1085.7331396271802,1019.3627442932652,882.8892568696548,691.4234975227844,465.682060215039,230.01839668640133,10.167604355082748,-172.41682612602983,-302.6529988427574,-373.0035331995151,-386.7434539366187,-356.3562526935993,-300.7700614630979,-244.7390936933771,-213.68034669899112,-228.79743946634204,-305.8340389849559,-450.62232975650875,-656.8301949716123,-908.5695149897488,-1180.2367722093716,-1439.056873093946,-1651.8994605508624,-1787.8383694781057,-1822.2002038011158,-1742.9332321612726,-1550.494026477283,-1258.075406011345,-892.969264756292,-490.676474541198,-90.22829427063289,268.36737605287635,552.5930140236583,741.9924409513108,828.5402617935372,821.3159579928657,745.1272144550385,634.3361499853121,531.5392161843957,480.48724075195224,516.2551516314855,663.1718271806211,928.8653889379802,1298.4625454498923,1739.2930785059536,2202.1836865032806,2623.6900116977536,2938.8271063588168,3087.5508148502654,3020.016607261958,2709.9569790770884,2157.1173441779574,1385.9300615231846,450.8784032582465,-572.1535982709647,-1597.7569365336442,-2533.747839955638,-3297.7586759925402,-3832.8940330543423,-4108.687541323889,-4135.107749336674,-3971.320931939627,-3715.12978509325,-3509.9391164050166,-3548.1277065721997,-4058.589550197564,-5337.534857292389,-7818.914752907038,-12248.453059615225,-20403.10544019423,-38616.10092317407,-121582.76043515748,134878.46085878494,40999.901706217104,20904.986554612566,11056.797025287287,4822.689201975659,485.50197644139814,-2560.7645358301943,-4588.685346237122,-5775.510187007624,-6261.685444883334,-6186.227879400016,-5702.425833576428,-4959.371128757866,-4098.587966890589,-3250.5586831758783,-2514.4902896694143,-1956.446632293392,-1611.3235193508515,-1474.8270533054135,-1512.4595594806506,-1671.0443888597463,-1880.9873152466575,-2070.8339328152965,-2180.1040989500148,-2161.072200573773,-1988.139329412186,-1662.288312413651,-1204.3926214818505,-654.6969332203925,-67.75794185207403,500.6604983167722,998.6810059771251,1385.1687421322977,1640.407611328337,1766.5343056259317,1787.6338164976157,1751.1388080663064,1701.7453730402003
2,404.574413410381,525.2194206238195,622.9917865599687,684.0382429144922,697.4818678897778,658.3232782378967,567.3269946049471,431.0625082075673,262.4545985351918,78.01348188706432,-104.3482694316583,-266.50717015024935,-393.9660339413377,-477.86532737138094,-515.066551062431,-510.1372663411237,-474.5893733002456,-423.9965628979145,-377.29653066609234,-353.5769048753905,-367.7456826249811,-429.6885831535041,-541.7987918283786,-696.684574795517,-879.4613817355593,-1068.5764515705073,-1237.0520806481454,-1358.0889364114848,-1407.8894045552963,-1367.8643840437496,-1229.9863272966147,-997.4216631350941,-683.5372408033508,-313.427686997374,80.22764565101279,462.41503040451636,797.4039047529359,1055.4145014914377,1218.3447553289652,1279.6545083888138,1248.4054371597417,1150.444525559964,1022.3150572370296,910.1445772604516,865.4980539272407,934.3862505326472,1154.4316391069633,1550.2389380600005,2123.0270665356497,2852.554981928256,3697.555010836125,4589.103799132054,5438.818858492191,6140.237336060265,6548.741955738015,6450.4223727751405,5384.522119736225,1417.2773603349979,-75610.25758858024,19722.58977109889,13274.07440679504,10513.76027826949,8509.561824868877,6805.613508261462,5305.734046004949,4007.31589785022,2936.151708260166,2108.68707235285,1526.7918960715672,1178.1012280932307,1028.5348425624197,1029.8233044193234,1127.7747008303838,1262.6204439422588,1378.8100250879895,1432.7883918667396,1392.4988196361032,1242.7546084747237,987.0954686542588,642.1667272384861,237.00553595461625,-190.49043713139534,-602.1113798814165,-962.0049972334992,-1240.3783197329317,-1419.6079841822288,-1493.6389514835405,-1467.5607843219232,-1358.5862178833017,-1191.0965571535082,-992.7737305754094,-792.8517803579119,-616.3668700933601,-481.1011073118575,-397.57410091292513,-366.450785594952,-379.2801980471229,-421.96820916658834,-475.56733290040114,-519.5820171876655,-536.5311815480345,-512.8581996092431,-441.1648933411835,-322.407723586385,-164.05112587206546,20.68685976161133,213.69636187600162,396.04997145708137,550.1053918931703,660.9040607840672,719.4929842282528,723.3568609249157,675.6826745860806,586.0010658568083,468.0013495110223,336.7706505343799,207.9054238218147,94.71070271060908,5.942418954125794,-53.88881583566264,-85.40244386729088,-94.13117787957151,-87.85650532676095,-75.3759965839518,-64.63864436596346,-59.470296612846376,-58.720256891294945,-59.31947664592341
3,198.09343964889771,153.36817717457635,107.80243588864468,66.79831093847703,36.09462172613347,21.036938047951303,24.89061464626705,48.59858051641495,90.39632610372988,144.9935640870367,204.64008860000487,260.05969875262076,300.8897463697533,317.8099690776356,303.937127586273,255.19485720815837,171.8969911604393,58.923859399336486,-75.45807141811787,-219.61776462411945,-360.0956855313493,-484.14027912991753,-580.4510398391697,-640.9820832521431,-662.9736259149746,-648.381691105107,-604.058863428002,-541.7633096339869,-475.3560136946662,-419.24671810065223,-387.0758954297924,-388.1192827447333,-426.0939047613359,-498.940358355788,-596.8702539756139,-703.7484275377357,-799.5714082631741,-860.86840177662,-864.4925103270424,-791.5990635791092,-628.2381681248246,-368.881103437733,-18.83871442474391,408.1183444582959,889.0186413273367,1392.6796322050461,1886.2018379655503,2336.702127332153,2714.573404686906,3003.0797368643994,3201.3679653804593,3332.242362552419,3471.2182988746263,3817.561332991076,5108.1648051592465,16610.898646028538,-7809.286938502012,-3417.7537176167243,-2553.068750915194,-2234.2293611414716,-2020.1281506955315,-1785.156606624902,-1486.8056008078051,-1119.4899986077517,-701.0481889383227,-258.30454997998487,177.28307431396405,572.174308162931,898.785909791685,1137.1822574231483,1275.2549052332276,1312.4493824999931,1257.991229161371,1127.9357630775344,945.1592033764683,735.2529023453893,522.435293478416,328.78323334712985,170.90580840200323,57.748933556674366,-8.126259556269599,-31.11582030595965,-21.86290093128813,6.181158637305084,38.003090202741795,58.86633244943524,57.65572516821938,27.399760959636943,-34.23093732768947,-123.68053133121097,-233.10161179378096,-351.80690314109404,-466.85627124896206,-565.7503204574853,-638.2308273806726,-676.7050247082925,-677.9834312803503,-643.5821949554165,-578.5496394372421,-491.43661757517145,-392.99281067824637,-293.9479496697629,-204.3548351262741,-132.22764781868602,-81.98249542364276,-54.79914187755308,-48.56501835165717,-57.85880369465002,-75.65012899798896,-94.2800159599555,-106.16886107395813,-105.63448049301276,-89.47072463088797,-56.91364665561488,-10.303646268314292,45.64584295614911,105.06034241736972,161.29514733734857,208.35148470713744,242.2172942473464,260.9620975727437,265.3591563605533,258.9402944940213,246.60508603252887,233.629773679377,224.10982142681394,218.31490761336326,213.87326872880584
1,-543.206237400598,-428.61003945410016,-311.72281285410645,-196.83301867372055,-87.53860143956612,13.880527318188996,106.4997852715602,189.63954652202426,263.5829859089266,329.46956910710173,388.06020075556904,440.4080807135265,487.5956594542391,529.5073248766689,565.688371597067,595.2139722199177,615.7714426155159,624.9480721289171,620.3602520029729,599.0475073991839,559.0378730530854,499.4442698478415,419.79117258164285,321.4259633978338,207.15874090791266,80.18825777156252,-54.85096769798467,-192.75830604605343,-329.1026876929852,-459.2431464509518,-579.2925496175836,-687.2139975642153,-781.414974080699,-861.3905941627561,-928.2832145397513,-982.9407917884696,-1026.341069836601,-1059.8909930392103,-1083.3927232510327,-1095.8010498801139,-1095.816001255374,-1080.2590516772045,-1045.541779443228,-988.7105402231405,-906.1729309263535,-795.6017172047898,-656.9313370777612,-490.80973032229554,-300.2779749786067,-91.07283046883023,130.692529035135,357.33455583637647,580.0222707822622,791.6059630093787,985.3667027826208,1155.4708511190374,1299.498156201958,1416.302242682472,1505.838962000122,1570.9467193547796,1614.1321554944764,1636.9891327502678,1641.7614693106902,1627.8053347514558,1591.6099896666185,1529.1879376588913,1433.0969309503646,1293.8262093378319,1103.4199848415064,852.9471932923439,534.8470779755569,146.95667520993936,-310.87413353683604,-834.7669967680173,-1413.7127246876935,-2035.2417452807363,-2684.584028476873,-3342.9288390030088,-3995.781138195566,-4632.85172845334,-5246.952925330525,-5845.252252832648,-6450.310422805718,-7102.303309422417,-7884.021485816443,-8950.41006923765,-10616.24450665762,-13705.976443512849,-21248.794205850412,-60179.538337693164,73497.90643616686,75739.44073903415,-6024.745118623665,-1792.3992475173563,-1823.1034798962905,-2360.6436073332425,-2951.7053768429023,-3497.4020159065785,-3964.0996777970513,-4327.611050486576,-4576.590617714337,-4706.686593918221,-4714.539748633935,-4606.846272450223,-4396.804436573467,-4098.47908435122,-3732.273128649282,-3320.6096389926242,-2882.603046284754,-2438.100136176915,-2004.0543530337009,-1590.9337930660722,-1207.2159662387458,-857.4244720106965,-540.6466907599828,-255.70525095289042,-0.25586390694968486,229.72743567198324,435.3174989307823,616.037673046332,771.0449557418584,896.3283299129166,987.7129897776638,1043.434601583241,1063.238796268979,1052.530436496507,1025.2708562056357,994.9953413915318
2,-82.81635578752338,59.804901709967424,165.70859771726455,218.59173053397586,210.41920240715046,145.23223915749372,36.20481834667416,-95.06837952737655,-220.77144638380017,-314.14986425281165,-352.47383660665895,-319.65757588481404,-211.74855249186876,-36.29186377228564,189.4682979271683,438.11577717061107,677.5220740284108,876.1993731169675,1005.0600998289393,1043.4196372139531,982.7595738146182,825.434321524702,586.5306758962224,292.6070165106043,-24.377970041466483,-329.12976900815283,-587.1830649844073,-772.0454461961165,-866.3962397865771,-863.9526232062515,-772.7946661959592,-611.7541125862514,-407.5325600380114,-193.59012024353498,-2.96270799764617,136.41698217267634,202.99464495942166,187.40363497078283,93.92618620553492,-62.51259989804089,-255.10019974826344,-448.52452987624633,-606.1733976292983,-691.5187641584541,-673.0046906319592,-531.1885714132268,-257.89005515664655,142.00278346591108,647.0542055338975,1225.0217677226958,1835.0151843648578,2426.3064701987955,2946.1799397692407,3340.3965720062774,3542.5327286982474,3458.855741477696,2876.1058589869363,845.3380933793338,-37695.43924390737,9977.134372297427,6798.527467502473,5503.6583310438355,4619.00825008885,3902.535463214208,3288.867428139208,2757.385130821684,2302.491991300574,1918.7840036668877,1599.028783906339,1335.7090206879836,1118.7845559541502,937.0772670946016,780.8893232926675,640.957809399164,509.07791153254084,379.726508073314,248.7696273281643,113.215035093974,-27.79200401877,-174.1510767531043,-325.18962933506765,-478.6359623934265,-631.4051203356836,-779.9316195819288,-919.1897496003404,-1043.481719141907,-1147.12538934621,-1223.914815151048,-1268.2449080196739,-1276.1927350309315,-1245.184644614801,-1175.006337306909,-1068.5701515617825,-930.9862852599659,-769.7277304752059,-594.4916269120665,-415.3833792641202,-242.34317186508443,-84.57169554603303,51.34805855680844,161.675602085749,245.3630721698932,304.9064218272413,345.3667546012996,373.0460729171332,395.3270255216052,418.9895675023946,448.6618923195158,486.90427662871355,533.2115901199106,583.5818621743995,631.9224106279394,670.3927963452657,690.2265281346865,684.0252058001367,646.4908938612566,575.1601843724403,472.01600352183465,343.0238301330658,197.3881651510096,47.4520733514871,-93.4979960920191,-213.43389700745487,-302.8455667027463,-357.6362442272373,-381.3702944405255,-386.0053885163155,-385.1913204478845
3,242.2391048337476,244.38578955090134,249.17475322329182,254.3615307157416,257.53572591068917,256.4197807558361,249.1893615958216,235.2179517456868,214.6305283336003,188.04519487972019,156.85815392861085,122.43562594035211,85.75468929604732,47.738527735872864,8.57654143137512,-32.30576306977328,-75.54709590329009,-122.23642061339135,-173.6014431520085,-230.09500312302333,-291.7789291830301,-358.04768317409946,-426.92125813029804,-495.83102545083926,-561.6872437083613,-620.5561124630818,-668.8656011442793,-703.6423826297827,-722.2396864997428,-723.5202608053594,-707.7424188214745,-675.8347460775678,-630.1593716326923,-573.7867544462516,-509.2652806433313,-439.1676062150695,-365.14934056055023,-286.7841646664799,-202.60899729120948,-109.66122001798999,-2.9781524534496953,122.38233767013466,271.16163859753493,447.9138919558377,654.4133986327215,889.6075624882119,1150.2375373651566,1428.7482251510512,1714.6464236251734,1997.3252659545685,2266.0837803811924,2516.0933773145853,2763.0708758107558,3079.558195242538,3806.338654189453,9550.260874193556,-2781.7430224337677,-842.1592330509154,-816.2583473067339,-1230.0975803465285,-1884.524384211235,-2766.4602429416245,-3994.355202834049,-6006.242095051668,-10876.914155799132,-70003.65953780134,13109.499002205055,5359.797451664023,3169.4412611456028,2226.98618864877,1776.3276719178057,1565.8583813476503,1475.3644477636303,1436.669949571777,1407.508191657165,1358.8266651509116,1273.9604243258625,1146.5779809726077,976.5973103798631,770.8162660175317,541.1909131611785,301.00536068935986,64.7975261760094,-153.35546757565686,-342.8387115361325,-495.9711210319484,-608.5651755306532,-681.25888130719,-717.7320461639415,-723.9952597986261,-708.4562972587022,-679.5774840110103,-644.935802819773,-611.2731521736735,-582.7836777863545,-561.0241079586914,-545.8018324486939,-534.5534027827512,-523.1983121079192,-507.6115202435873,-483.4897036228125,-447.33197052041464,-397.5954435909869,-334.14164563635654,-258.5763625400451,-174.56357942231386,-86.59284824258204,0.27516604372075193,80.59637015665488,149.9084407711102,204.8954175489363,243.34464222195558,264.9870560706347,271.063715279017,263.74664704066566,246.4024622900389,222.7493357349061,196.12535333215095,169.70652703546875,145.8429383566946,125.72380375338093,109.98992850518681,98.50560361490383,90.4428244165045,85.07658205045098,81.5625168251201,78.83821200422052,76.29908573727207
1,-141.17993245615028,-107.13665276710522,-72.15311891156641,-30.188398514582236,24.2402161997922,95.33998375390998,183.36579216905366,283.3056981317535,386.40784506153585,479.6277962100535,546.7498342768617,572.0488141204584,540.9199333638235,441.91359008683884,270.4909389482167,28.405957567693576,-275.6652630244943,-624.3505599679364,-995.1880052132382,-1362.215918221088,-1696.1454953809189,-1970.371541538352,-2163.0165293038294,-2256.5679403838712,-2244.141170769404,-2128.9446160027105,-1919.95872513999,-1637.1961867718526,-1302.891552830733,-831.1436663463965,-801.3443056763939,-491.8857744370018,-302.2247566596295,-211.30125028133497,-222.43365883785978,-332.8174330843358,-526.5484498525753,-782.0994701989348,-1072.4195559271263,-1364.9759481589792,-1629.0993333039412,-1837.3430245293127,-1966.5450963624046,-2002.9732572480195,-1941.6963950318739,-1785.8020490311874,-1548.0660844591073,-1247.4612584661297,-906.4652506523986,-550.4905681933004,-203.3328951554826,115.18063863365815,389.30517833481485,610.4508962323017,777.0631605088337,892.6433479138968,966.5230856271559,1011.3190542175339,1039.6633833625494,1064.191595650631,1094.5732095565957,1135.1631531925486,1186.381626674614,1243.1845033132001,1294.9917969708347,1329.1545359734653,1330.8048092070185,1284.3400586780774,1177.6638531934518,1001.6344156719124,751.198296392106,428.53266620460096,40.38889906570042,-402.2738362259618,-882.835750089585,-1383.9104418817271,-1888.585587910188,-2379.550548544558,-2845.077774155059,-3279.622050874463,-3682.16753058967,-4063.0050272251356,-4444.040989015444,-4858.693925092936,-5367.6046972942395,-6078.041677208573,-7201.315534548379,-9285.931783347203,-14348.301985355109,-40340.03198041432,48742.2795113307,50208.304167727794,-4316.706224465904,-1494.2735453056455,-1496.1474498703744,-1818.9186920750315,-2163.187036271329,-2467.8098397751733,-2715.9907486097136,-2897.4836132419755,-3010.3350963467383,-3055.820507166483,-3034.140373478335,-2950.4448165961244,-2812.0501789670543,-2625.213419463012,-2399.5043889382628,-2145.1648940652685,-1870.5052884175864,-1585.4054065865269,-1298.9778100111612,-1017.6969248180103,-748.5353280746535,-497.02127105238833,-266.05880791600003,-58.86806289036648,122.64478613474897,278.56773544797403,408.2988860499111,512.0831054413953,591.4941918838404,647.2082747421853,680.7272499766833,694.9560382212134,692.5720614574872,678.0102906111183,658.0698443371618,637.805401276847
